"","ID","level","Zvalue","Pvalue","FDR","module","score","Nfixation","plant_pathogen","arbuscular_mycorrhizal","z.degree","moduleConect","Kingdom","Phylum","Class","Order","Family","Genus","Species","degree","betweenness","eigen","hubscore","reach2","reach3"
"Arc_0001","Arc_0001","Level 1",1.95585520409362,0.257,0.534025974025974,4,-2,0,2,0,"0.556596612684486","0","Archaea","Crenarchaeota","Nitrososphaeria","Nitrososphaerales","Nitrososphaeraceae","Candidatus Nitrocosmicus","Unidentified",3,0.00224677981447929,0.0154283351615023,0.0154283351615013,0.0696864111498258,0.202090592334495
"Arc_0002","Arc_0002","Level 1",5.55715634187975,0,0,9,-416,0,421,0,"1.31746509848052","0.724489795918367","Archaea","Crenarchaeota","Nitrososphaeria","Nitrososphaerales","Nitrososphaeraceae","Unidentified","Unidentified",14,0.0551378745974811,0.0779119246341881,0.0779119246341845,0.219512195121951,0.606271777003484
"Arc_0003","Arc_0003","Level 1",7.61458838411027,0,0,1,-46,0,46,0,"0.552732793279311","0.48","Archaea","Crenarchaeota","Nitrososphaeria","Nitrosotaleales","Nitrosotaleaceae","Candidatus Nitrosotalea","Unidentified",10,0.0153336111446963,0.109083960069798,0.109083960069798,0.177700348432056,0.439024390243902
"Arc_0004","Arc_0004","Level 1",4.86651193757778,0,0,6,-119,0,119,0,"0.826358230144955","0.611111111111111","Archaea","Crenarchaeota","Nitrososphaeria","Nitrososphaerales","Nitrososphaeraceae","Candidatus Nitrocosmicus","Unidentified",18,0.059226652181023,0.365088095443859,0.36508809544386,0.229965156794425,0.519163763066202
"Arc_0005","Arc_0005","Level 1",2.75929754966154,0.023,0.0681481481481481,2,-63,0,64,0,"0.486577482828953","0.622448979591837","Archaea","Crenarchaeota","Nitrososphaeria","Nitrososphaerales","Nitrososphaeraceae","Unidentified","Unidentified",14,0.0296345051280545,0.147763472828221,0.147763472828215,0.205574912891986,0.501742160278746
"Arc_0006","Arc_0006","Level 1",1.58968403413995,0.528,0.9504,2,-175,0,179,0,"1.10120167166552","0.297520661157025","Archaea","Crenarchaeota","Nitrososphaeria","Nitrosopumilales","Nitrosopumilaceae","Candidatus Nitrosotenuis","Unidentified",11,0.0133901647211247,0.254439619955262,0.25443961995526,0.205574912891986,0.470383275261324
"Arc_0007","Arc_0007","Level 1",-0.283425480114113,3.793,1,6,-1,0,1,0,"-0.683882673223411","0.32","Archaea","Crenarchaeota","Nitrososphaeria","Nitrosotaleales","Nitrosotaleaceae","Candidatus Nitrosotalea","Unidentified",5,0.00336645258198769,0.184357923293779,0.184357923293779,0.146341463414634,0.358885017421603
"Arc_0008","Arc_0008","Level 1",-1.98582101371161,0.211,0.45147102526003,7,-42,0,42,0,"1.88824781849084","0","Archaea","Crenarchaeota","Nitrososphaeria","Nitrososphaerales","Nitrososphaeraceae","Candidatus Nitrocosmicus","Unidentified",14,0.0117072373326881,0.169381290417744,0.16938129041773,0.191637630662021,0.365853658536585
"Arc_0009","Arc_0009","Level 1",5.77489404439969,0,0,9,-7,0,7,0,"0.702648052522944","0.448979591836735","Archaea","Crenarchaeota","Nitrososphaeria","Nitrososphaerales","Nitrososphaeraceae","Candidatus Nitrocosmicus","Unidentified",7,0.0142434823775618,0.0575555417800177,0.0575555417800171,0.149825783972125,0.484320557491289
"Arc_0010","Arc_0010","Level 1",-2.56271546958593,0.056,0.146618181818182,2,-76,0,78,0,"0.179265388410667","0.444444444444444","Archaea","Crenarchaeota","Nitrososphaeria","Nitrososphaerales","Nitrososphaeraceae","Unidentified","Unidentified",9,0.0133835350681667,0.173895204296439,0.173895204296438,0.177700348432056,0.473867595818815
"Arc_0011","Arc_0011","Level 1",-10.2673690807528,0,0,3,0,0,0,0,"-0.843274042711568","0.444444444444444","Archaea","Crenarchaeota","Nitrososphaeria","Nitrososphaerales","Nitrososphaeraceae","Candidatus Nitrososphaera","Unidentified",3,0.000423180822935233,0.00801817687506284,0.00801817687506248,0.0418118466898955,0.139372822299652
"Arc_0013","Arc_0013","Level 1",5.61114252213454,0,0,8,-204,0,205,0,"0.898846607493181","0.73469387755102","Archaea","Crenarchaeota","Nitrososphaeria","Nitrososphaerales","Nitrososphaeraceae","Unidentified","Unidentified",14,0.0547098754813502,0.206987795801673,0.206987795801673,0.226480836236934,0.585365853658537
"Arc_0014","Arc_0014","Level 1",3.26584568932699,0.003,0.0109644670050761,8,-12,0,12,0,"0.0473077161838517","0.5","Archaea","Crenarchaeota","Nitrososphaeria","Nitrosotaleales","Nitrosotaleaceae","Candidatus Nitrosotalea","Unidentified",6,0.0101099880119003,0.0940638589637431,0.0940638589637429,0.128919860627178,0.383275261324042
"Arc_0015","Arc_0015","Level 1",6.16392795676726,0,0,1,-111,0,113,0,"0.901827189034666","0.429752066115702","Archaea","Crenarchaeota","Nitrososphaeria","Nitrososphaerales","Nitrososphaeraceae","Candidatus Nitrososphaera","Unidentified",11,0.0149773184739081,0.0624591103274304,0.0624591103274295,0.153310104529617,0.411149825783972
"Arc_0016","Arc_0016","Level 1",2.28989493243874,0.104,0.250854271356784,6,-38,0,39,0,"0.322944595688833","0.551111111111111","Archaea","Crenarchaeota","Nitrososphaeria","Nitrososphaerales","Nitrososphaeraceae","Unidentified","Unidentified",15,0.0409953651650181,0.487243929464444,0.487243929464443,0.24390243902439,0.48780487804878
"Arc_0018","Arc_0018","Level 1",-1.59365115584236,0.519,0.936541353383459,7,-50,0,50,0,"2.1302092223678","0","Archaea","Crenarchaeota","Nitrososphaeria","Nitrososphaerales","Nitrososphaeraceae","Unidentified","Unidentified",15,0.0305773132187105,0.135406649791777,0.135406649791766,0.181184668989547,0.379790940766551
"Arc_0020","Arc_0020","Level 1",2.30204207472978,0.088,0.21848275862069,10,-20,0,20,0,"-0.490418669306327","0.666666666666667","Archaea","Crenarchaeota","Nitrososphaeria","Nitrososphaerales","Nitrososphaeraceae","Unidentified","Unidentified",6,0.0129127322346874,0.0436794775649746,0.0436794775649739,0.132404181184669,0.449477351916376
"Bac_00001","Bac_00001","Level 1",-1.15033459292344,1.24,1,1,0,0,0,0,"0.552732793279311","0","Bacteria","Firmicutes","Bacilli","Bacillales","Planococcaceae","Unidentified","Unidentified",7,0.009435333107079,0.0233774262966213,0.0233774262966202,0.111498257839721,0.383275261324042
"Bac_00002","Bac_00002","Level 1",6.61631141011128,0,0,2,0,0,0,0,"-1.04998298926248","0.444444444444444","Bacteria","Actinobacteriota","Actinobacteria","Micrococcales","Micrococcaceae","Pseudarthrobacter","Unidentified",3,0.003205064517988,0.0269321933077701,0.0269321933077699,0.0592334494773519,0.250871080139373
"Bac_00003","Bac_00003","Level 1",9.38615485068761,0,0,1,-30,0,30,0,"-0.494550393986752","0","Bacteria","Firmicutes","Bacilli","Bacillales","Bacillaceae","Bacillus","Unidentified",4,0.000544438069085038,0.0104329435854211,0.0104329435854208,0.0627177700348432,0.219512195121951
"Bac_00004","Bac_00004","Level 1",-12.9563591169066,0,0,3,0,0,0,0,"2.31900361745681","0.46","Bacteria","Actinobacteriota","Actinobacteria","Streptosporangiales","Streptosporangiaceae","Nonomuraea","Unidentified",10,0.0144945566663451,0.0305605049706975,0.030560504970696,0.125435540069686,0.320557491289199
"Bac_00005","Bac_00005","Level 1",2.71824562464638,0.032,0.0914285714285714,2,-49,0,50,0,"-0.435358800425905","0.32","Bacteria","Methylomirabilota","Methylomirabilia","Rokubacteriales","Unidentified","Unidentified","Unidentified",5,0.000536108700413044,0.0498091131269858,0.0498091131269839,0.0940766550522648,0.299651567944251
"Bac_00006","Bac_00006","Level 1",-5.74869927128045,0,0,1,-57,0,57,0,"0.901827189034666","0.197530864197531","Bacteria","Actinobacteriota","Actinobacteria","Micromonosporales","Micromonosporaceae","Micromonospora","Unidentified",9,0.00870851581912812,0.0299831503791056,0.029983150379104,0.139372822299652,0.355400696864112
"Bac_00007","Bac_00007","Level 1",-1.97457786207012,0.235,0.494014598540146,4,-725,0,741,0,"1.59027603624139","0.58","Bacteria","Actinobacteriota","Thermoleophilia","Gaiellales","Gaiellaceae","Gaiella","Unidentified",10,0.0181536606002349,0.0679229720892307,0.0679229720892258,0.156794425087108,0.442508710801394
"Bac_00008","Bac_00008","Level 1",5.17396988251916,0,0,5,0,0,0,0,"NaN","0","Bacteria","Proteobacteria","Alphaproteobacteria","Rhizobiales","Xanthobacteraceae","Bradyrhizobium","Unidentified",1,0,4.18623882831325e-17,0,0.00348432055749129,0.00348432055749129
"Bac_00009","Bac_00009","Level 1",3.35144058112605,0.002,0.00753926701570681,1,0,0,0,0,"-1.19273918549746","0.444444444444444","Bacteria","Proteobacteria","Alphaproteobacteria","Rhizobiales","Devosiaceae","Devosia","Unidentified",3,0.00234119299735726,0.0106564779641129,0.0106564779641122,0.0662020905923345,0.261324041811847
"Bac_00010","Bac_00010","Level 1",-8.61732200629367,0,0,1,-24,0,24,0,"-0.145455998231398","0.567901234567901","Bacteria","Actinobacteriota","Actinobacteria","Streptomycetales","Streptomycetaceae","Streptomyces","Unidentified",9,0.00907310259219951,0.029174990036459,0.0291749900364576,0.149825783972125,0.32404181184669
"Bac_00011","Bac_00011","Level 1",0.963210799689036,1.757,1,2,-64,0,64,0,"0.179265388410667","0.244897959183674","Bacteria","Proteobacteria","Gammaproteobacteria","Pseudomonadales","Pseudomonadaceae","Pseudomonas","Unidentified",7,0.0180740327664281,0.0704190713002137,0.0704190713002115,0.142857142857143,0.452961672473868
"Bac_00013","Bac_00013","Level 1",3.7710536659525,0.001,0.00398891966759003,4,-21,0,23,0,"-0.477082810872417","0.444444444444444","Bacteria","Actinobacteriota","Thermoleophilia","Solirubrobacterales","Solirubrobacteraceae","Solirubrobacter","Unidentified",3,0.00334493293173226,0.0182088853346719,0.0182088853346708,0.0836236933797909,0.247386759581882
"Bac_00014","Bac_00014","Level 1",-5.27271314956665,0,0,1,0,0,0,0,"1.25092158479002","0.461538461538462","Bacteria","Gemmatimonadota","Gemmatimonadetes","Gemmatimonadales","Gemmatimonadaceae","Unidentified","Unidentified",13,0.0239361345752626,0.0360939653181429,0.036093965318142,0.146341463414634,0.344947735191638
"Bac_00015","Bac_00015","Level 1",8.33934269880723,0,0,6,-5,0,5,0,"-0.683882673223411","0.32","Bacteria","Actinobacteriota","Actinobacteria","Micrococcales","Intrasporangiaceae","Terrabacter","Unidentified",5,0.00550513696805992,0.11863753018213,0.11863753018213,0.10801393728223,0.372822299651568
"Bac_00016","Bac_00016","Level 1",3.6244325108834,0.002,0.00753926701570681,2,-95,0,98,0,"0.793889577247239","0.34","Bacteria","Proteobacteria","Alphaproteobacteria","Rhizobiales","Xanthobacteraceae","Pseudolabrys","Unidentified",10,0.0196655867409078,0.11273079235996,0.112730792359956,0.191637630662021,0.439024390243902
"Bac_00017","Bac_00017","Level 1",-5.13725702868665,0,0,7,-199,0,199,0,"0.678440799106005","0.314049586776859","Bacteria","Actinobacteriota","Actinobacteria","Propionibacteriales","Nocardioidaceae","Marmoricola","Unidentified",11,0.0212000292310362,0.122545588232656,0.122545588232646,0.191637630662021,0.428571428571429
"Bac_00018","Bac_00018","Level 1",-1.45777000315564,0.713,1,4,-53,0,54,0,"1.59027603624139","0.710743801652893","Bacteria","Proteobacteria","Gammaproteobacteria","Steroidobacterales","Steroidobacteraceae","Steroidobacter","Unidentified",11,0.0133946671924658,0.0747632285110288,0.074763228511025,0.118466898954704,0.393728222996516
"Bac_00019","Bac_00019","Level 1",4.94160251529261,0,0,7,-373,0,381,0,"0.436479395229038","0.396694214876033","Bacteria","Chloroflexi","Gitt-GS-136","Unidentified","Unidentified","Unidentified","Unidentified",11,0.0187333290557345,0.117762936788154,0.117762936788147,0.142857142857143,0.428571428571429
"Bac_00020","Bac_00020","Level 1",4.5503376168863,0,0,6,-15,0,15,0,"0.826358230144955","0.165289256198347","Bacteria","Gemmatimonadota","Gemmatimonadetes","Gemmatimonadales","Gemmatimonadaceae","Unidentified","Unidentified",11,0.0199877905663711,0.423264580037351,0.423264580037352,0.202090592334495,0.477351916376307
"Bac_00021","Bac_00021","Level 1",1.60024086285639,0.506,0.921163084702908,8,0,0,0,0,"-1.23000062078014","0","Bacteria","Acidobacteriota","Vicinamibacteria","Vicinamibacterales","Unidentified","Unidentified","Unidentified",1,0,0.0216848180677718,0.0216848180677718,0.0487804878048781,0.226480836236934
"Bac_00022","Bac_00022","Level 1",3.19105771509965,0.006,0.0206698564593301,6,0,0,0,0,"-1.18729630767953","0","Bacteria","Proteobacteria","Gammaproteobacteria","Burkholderiales","Nitrosomonadaceae","Nitrosospira","Unidentified",2,0,0.0429955951777195,0.0429955951777195,0.0662020905923345,0.229965156794425
"Bac_00023","Bac_00023","Level 1",4.74095428649749,0,0,2,-3,0,3,0,"-0.128046706007619","0","Bacteria","Proteobacteria","Alphaproteobacteria","Rhizobiales","Hyphomicrobiaceae","Hyphomicrobium","Unidentified",5,0.00249696729496121,0.0780583724720675,0.0780583724720657,0.146341463414634,0.379790940766551
"Bac_00024","Bac_00024","Level 1",-1.35019296148529,0.872,1,7,-254,0,264,0,"-0.531366220278829","0.32","Bacteria","Proteobacteria","Gammaproteobacteria","Burkholderiales","Nitrosomonadaceae","MND1","Unidentified",5,0.0070881493321452,0.0626018239083914,0.0626018239083869,0.149825783972125,0.400696864111498
"Bac_00025","Bac_00025","Level 1",6.11898038589756,0,0,2,-419,0,426,0,"1.10120167166552","0.314049586776859","Bacteria","Gemmatimonadota","Gemmatimonadetes","Gemmatimonadales","Gemmatimonadaceae","Unidentified","Unidentified",11,0.0259771895980382,0.193828338802141,0.193828338802139,0.198606271777003,0.51219512195122
"Bac_00026","Bac_00026","Level 1",2.37232397264282,0.094,0.23098976109215,1,-12,0,12,0,"-0.843644789742107","0.56","Bacteria","Acidobacteriota","Vicinamibacteria","Vicinamibacterales","Vicinamibacteraceae","Unidentified","Unidentified",5,0.0025208856062801,0.0255941401353978,0.0255941401353971,0.104529616724739,0.390243902439024
"Bac_00027","Bac_00027","Level 1",5.9636961434007,0,0,2,-48,0,49,0,"1.40851376608381","0","Bacteria","Methylomirabilota","Methylomirabilia","Rokubacteriales","Unidentified","Unidentified","Unidentified",10,0.0107439558559714,0.099091889011248,0.0990918890112453,0.142857142857143,0.456445993031359
"Bac_00028","Bac_00028","Level 1",3.37987662295952,0.001,0.00398891966759003,6,0,0,0,0,"-1.18729630767953","0.444444444444444","Bacteria","Proteobacteria","Alphaproteobacteria","Rhizobiales","Xanthobacteraceae","Unidentified","Unidentified",3,0.00125488517382831,0.0453171681466984,0.0453171681466983,0.0696864111498258,0.250871080139373
"Bac_00029","Bac_00029","Level 1",8.92751513388989,0,0,2,0,0,0,0,"-0.742670894844191","0.375","Bacteria","Actinobacteriota","Actinobacteria","Frankiales","Geodermatophilaceae","Blastococcus","Unidentified",4,0.00210311734712024,0.0784535869874067,0.0784535869874066,0.0731707317073171,0.285714285714286
"Bac_00030","Bac_00030","Level 1",3.40200243281102,0.002,0.00753926701570681,6,0,0,0,0,"-1.18729630767953","0","Bacteria","Proteobacteria","Gammaproteobacteria","Burkholderiales","Nitrosomonadaceae","MND1","Unidentified",2,0.000348825858253266,0.0825907840355535,0.0825907840355536,0.0940766550522648,0.32404181184669
"Bac_00031","Bac_00031","Level 1",3.2655719954841,0.005,0.0178217821782178,6,-148,0,149,0,"0.574651412916894","0.18","Bacteria","Chloroflexi","KD4-96","Unidentified","Unidentified","Unidentified","Unidentified",10,0.00898135989601631,0.539177409523825,0.539177409523826,0.181184668989547,0.390243902439024
"Bac_00032","Bac_00032","Level 1",2.32559342786945,0.096,0.235102040816327,7,-422,0,430,0,"-0.0474434125248955","0.244897959183674","Bacteria","Proteobacteria","Alphaproteobacteria","Rhizobiales","Methyloligellaceae","Unidentified","Unidentified",7,0.00268937701685003,0.0936191040802976,0.09361910408029,0.149825783972125,0.320557491289199
"Bac_00033","Bac_00033","Level 1",4.69382918339487,0,0,1,-28,0,28,0,"-0.145455998231398","0","Bacteria","Firmicutes","Bacilli","Bacillales","Bacillaceae","Bacillus","Unidentified",5,0.000978597595480639,0.0119006565848178,0.0119006565848175,0.0662020905923345,0.226480836236934
"Bac_00034","Bac_00034","Level 1",1.26000141629823,0.995,1,6,-233,0,234,0,"1.58147868182914","0.13265306122449","Bacteria","Proteobacteria","Gammaproteobacteria","Burkholderiales","SC-I-84","Unidentified","Unidentified",14,0.0136350299847633,0.770144981155143,0.770144981155144,0.222996515679443,0.463414634146341
"Bac_00036","Bac_00036","Level 1",-2.92819009306219,0.017,0.0524197002141328,1,0,0,0,0,"-0.843644789742107","0.48","Bacteria","Acidobacteriota","Vicinamibacteria","Vicinamibacterales","Vicinamibacteraceae","Unidentified","Unidentified",5,0.00104121300940847,0.021063536777472,0.021063536777471,0.10801393728223,0.289198606271777
"Bac_00038","Bac_00038","Level 1",3.77499899661426,0,0,1,-124,0,124,0,"-0.494550393986752","0.5","Bacteria","Actinobacteriota","Actinobacteria","Frankiales","Geodermatophilaceae","Geodermatophilus","Unidentified",8,0.0257874076285882,0.0773451351713879,0.077345135171382,0.195121951219512,0.45993031358885
"Bac_00039","Bac_00039","Level 1",0.54100306521103,2.901,1,6,-198,0,202,0,"-0.180469038767289","0.375","Bacteria","Proteobacteria","Gammaproteobacteria","Burkholderiales","Nitrosomonadaceae","IS-44","Unidentified",8,0.0107616474944915,0.39096313991255,0.39096313991255,0.177700348432056,0.452961672473868
"Bac_00040","Bac_00040","Level 1",4.72644707446087,0,0,6,-17,0,17,0,"0.826358230144955","0.355029585798816","Bacteria","Gemmatimonadota","Gemmatimonadetes","Gemmatimonadales","Gemmatimonadaceae","Unidentified","Unidentified",13,0.0189147500491886,0.552111468090254,0.552111468090254,0.212543554006969,0.452961672473868
"Bac_00041","Bac_00041","Level 1",-0.242251566559383,4.024,1,1,-3,0,3,0,"0.901827189034666","0","Bacteria","Chloroflexi","Chloroflexia","Thermomicrobiales","Thermomicrobiaceae","Nitrolancea","Unidentified",8,0.00700748379341917,0.0471505371437146,0.0471505371437143,0.146341463414634,0.341463414634146
"Bac_00042","Bac_00042","Level 1",0.963960149671503,1.66,1,1,0,0,0,0,"-1.19273918549746","0.444444444444444","Bacteria","Proteobacteria","Gammaproteobacteria","Xanthomonadales","Rhodanobacteraceae","Rhodanobacter","Unidentified",3,0.00213678999674269,0.0244816515151696,0.0244816515151693,0.0871080139372822,0.264808362369338
"Bac_00043","Bac_00043","Level 1",3.0260400388578,0.011,0.0358371040723982,9,-12,0,12,0,"0.702648052522944","0.617283950617284","Bacteria","Actinobacteriota","Thermoleophilia","Gaiellales","Unidentified","Unidentified","Unidentified",9,0.0219426667725011,0.066907748387812,0.0669077483878112,0.181184668989547,0.522648083623693
"Bac_00044","Bac_00044","Level 1",6.74038124660389,0,0,2,-21,0,21,0,"0.486577482828953","0.37037037037037","Bacteria","Proteobacteria","Gammaproteobacteria","Xanthomonadales","Xanthomonadaceae","Arenimonas","Unidentified",9,0.0261955582451618,0.0599843773749599,0.059984377374959,0.132404181184669,0.425087108013937
"Bac_00045","Bac_00045","Level 1",-11.3024932649042,0,0,3,-4,0,4,0,"0.421637021355784","0.571428571428571","Bacteria","Actinobacteriota","Actinobacteria","Streptosporangiales","Thermomonosporaceae","Actinomadura","Unidentified",7,0.00572570530614778,0.0191863899697902,0.0191863899697892,0.104529616724739,0.29616724738676
"Bac_00046","Bac_00046","Level 1",-1.46395478602979,0.735,1,6,-60,0,62,0,"-0.43217585599535","0.277777777777778","Bacteria","Proteobacteria","Gammaproteobacteria","Burkholderiales","Nitrosomonadaceae","Ellin6067","Unidentified",6,0.00198940770836875,0.21735398643969,0.21735398643969,0.13588850174216,0.369337979094077
"Bac_00047","Bac_00047","Level 1",-2.73516060128919,0.032,0.0914285714285714,7,-1,0,1,0,"-0.0474434125248955","0.244897959183674","Bacteria","Bacteroidota","Bacteroidia","Cytophagales","Microscillaceae","Unidentified","Unidentified",7,0.0096760775206877,0.0563185042663319,0.0563185042663273,0.125435540069686,0.365853658536585
"Bac_00048","Bac_00048","Level 1",2.08705613002972,0.148,0.336682464454976,2,-60,0,61,0,"-1.04998298926248","0.72","Bacteria","Nitrospirota","Nitrospiria","Nitrospirales","Nitrospiraceae","Nitrospira","Unidentified",5,0.00742349631092002,0.0410928600959778,0.0410928600959759,0.128919860627178,0.40418118466899
"Bac_00049","Bac_00049","Level 1",-1.16510182653925,1.221,1,10,-205,0,214,0,"0.0700598099009039","0","Bacteria","Actinobacteriota","Actinobacteria","Propionibacteriales","Nocardioidaceae","Nocardioides","Unidentified",4,0.00422751762062066,0.0255127644073413,0.0255127644073404,0.104529616724739,0.320557491289199
"Bac_00050","Bac_00050","Level 1",6.57184412857733,0,0,1,-222,0,229,0,"1.94911037630073","0.357142857142857","Bacteria","Proteobacteria","Alphaproteobacteria","Rhizobiales","Xanthobacteraceae","Pseudolabrys","Unidentified",14,0.0372272694020314,0.130385490317749,0.130385490317748,0.195121951219512,0.428571428571429
"Bac_00051","Bac_00051","Level 1",4.33820182083656,0,0,1,-23,0,23,0,"0.552732793279311","0.345679012345679","Bacteria","Actinobacteriota","Actinobacteria","Micromonosporales","Micromonosporaceae","Rugosimonospora","Unidentified",9,0.0159066021234461,0.0459287298514386,0.0459287298514381,0.139372822299652,0.365853658536585
"Bac_00052","Bac_00052","Level 1",6.34896681208159,0,0,1,-26,0,26,0,"0.552732793279311","0","Bacteria","Proteobacteria","Alphaproteobacteria","Caulobacterales","Caulobacteraceae","Phenylobacterium","Unidentified",7,0.00904865092556383,0.02575343583955,0.0257534358395495,0.111498257839721,0.32404181184669
"Bac_00053","Bac_00053","Level 1",-5.76389667734154,0,0,7,0,0,0,0,"-0.531366220278829","0","Bacteria","Proteobacteria","Alphaproteobacteria","Rhizobiales","Xanthobacteraceae","Pseudolabrys","Unidentified",4,0.000315441550571898,0.0632007811478556,0.0632007811478501,0.125435540069686,0.303135888501742
"Bac_00054","Bac_00054","Level 1",5.77261726745844,0,0,2,-2,0,2,0,"-0.742670894844191","0.375","Bacteria","Proteobacteria","Gammaproteobacteria","Gammaproteobacteria Incertae Sedis","Unknown Family","Acidibacter","Unidentified",4,0.00233061771823397,0.0821180950944962,0.0821180950944958,0.0975609756097561,0.35191637630662
"Bac_00055","Bac_00055","Level 1",-2.64964352246523,0.042,0.115640535372849,7,-49,0,49,0,"-0.289404816401862","0.592592592592593","Bacteria","Proteobacteria","Gammaproteobacteria","CCD24","Unidentified","Unidentified","Unidentified",9,0.0143812440443281,0.100119079132907,0.1001190791329,0.167247386759582,0.383275261324042
"Bac_00056","Bac_00056","Level 1",-4.17381042905525,0,0,6,-269,0,272,0,"1.32977186460108","0.244897959183674","Bacteria","Chloroflexi","AD3","Unidentified","Unidentified","Unidentified","Unidentified",14,0.0189796566957168,0.620553870579461,0.620553870579461,0.205574912891986,0.442508710801394
"Bac_00057","Bac_00057","Level 1",2.69513354423703,0.045,0.121575984990619,10,-12,0,12,0,"1.19101676831537","0.40625","Bacteria","Actinobacteriota","Thermoleophilia","Gaiellales","Unidentified","Unidentified","Unidentified",8,0.0143052939105415,0.0618065575209086,0.0618065575209082,0.121951219512195,0.383275261324042
"Bac_00058","Bac_00058","Level 1",2.51358571770485,0.044,0.119547169811321,6,-6,0,6,0,"0.0712377784607719","0.37037037037037","Bacteria","Actinobacteriota","Thermoleophilia","Gaiellales","Gaiellaceae","Gaiella","Unidentified",9,0.00517533080953697,0.400387607754176,0.400387607754176,0.167247386759582,0.397212543554007
"Bac_00059","Bac_00059","Level 1",6.56709089641883,0,0,1,-12,0,12,0,"0.552732793279311","0.21875","Bacteria","Gemmatimonadota","Gemmatimonadetes","Gemmatimonadales","Gemmatimonadaceae","Gemmatimonas","Unidentified",8,0.0203623572135076,0.037209880802579,0.0372098808025787,0.146341463414634,0.348432055749129
"Bac_00060","Bac_00060","Level 1",5.533653328961,0,0,1,-396,0,400,0,"-0.494550393986752","0.32","Bacteria","Acidobacteriota","Vicinamibacteria","Vicinamibacterales","Unidentified","Unidentified","Unidentified",5,0.00922751290962681,0.0397568662919326,0.039756866291932,0.132404181184669,0.428571428571429
"Bac_00061","Bac_00061","Level 1",-2.25043345347042,0.132,0.30658064516129,1,-16,0,16,0,"-0.494550393986752","0.571428571428571","Bacteria","Actinobacteriota","Actinobacteria","Streptosporangiales","Streptosporangiaceae","Microbispora","Unidentified",7,0.00938520781735617,0.0231815662151176,0.0231815662151169,0.0975609756097561,0.331010452961672
"Bac_00062","Bac_00062","Level 1",-10.8032336823771,0,0,3,-31,0,31,0,"0.421637021355784","0.5","Bacteria","Chloroflexi","Anaerolineae","SBR1031","Unidentified","Unidentified","Unidentified",6,0.00592412451938257,0.0191522076645561,0.0191522076645554,0.0871080139372822,0.289198606271777
"Bac_00063","Bac_00063","Level 1",0.0989627231156917,4.598,1,2,-18,0,18,0,"-0.435358800425905","0","Bacteria","Proteobacteria","Gammaproteobacteria","Burkholderiales","Oxalobacteraceae","Massilia","Unidentified",4,0.000633760084828725,0.0290180493706111,0.0290180493706106,0.0696864111498258,0.250871080139373
"Bac_00064","Bac_00064","Level 1",-2.809671813871,0.037,0.103456310679612,1,-21,0,21,0,"-0.145455998231398","0.277777777777778","Bacteria","Actinobacteriota","Actinobacteria","Propionibacteriales","Nocardioidaceae","Nocardioides","Unidentified",6,0.00481293591057148,0.0196471925106393,0.0196471925106384,0.114982578397213,0.317073170731707
"Bac_00065","Bac_00065","Level 1",2.03178918996639,0.171,0.378248847926267,10,-12,0,12,0,"0.0700598099009039","0.32","Bacteria","Actinobacteriota","Actinobacteria","Streptomycetales","Streptomycetaceae","Unidentified","Unidentified",5,0.00465719886172215,0.0278784787579313,0.0278784787579302,0.128919860627178,0.32404181184669
"Bac_00066","Bac_00066","Level 1",-0.40616345348109,3.381,1,7,-36,0,36,0,"0.678440799106005","0.314049586776859","Bacteria","Proteobacteria","Alphaproteobacteria","Sphingomonadales","Sphingomonadaceae","Sphingomonas","Unidentified",11,0.0262136428197276,0.116478916426292,0.116478916426283,0.181184668989547,0.425087108013937
"Bac_00067","Bac_00067","Level 1",3.72904139973423,0.001,0.00398891966759003,5,0,0,0,0,"NaN","0","Bacteria","Proteobacteria","Gammaproteobacteria","Burkholderiales","Comamonadaceae","Piscinibacter","Unidentified",1,0,4.90213384167428e-17,0,0.00348432055749129,0.00348432055749129
"Bac_00068","Bac_00068","Level 1",6.31019444007847,0,0,1,-174,0,174,0,"0.901827189034666","0.197530864197531","Bacteria","Proteobacteria","Alphaproteobacteria","Sphingomonadales","Sphingomonadaceae","Sphingomonas","Unidentified",9,0.011485736668848,0.103541512606997,0.103541512606996,0.167247386759582,0.439024390243902
"Bac_00069","Bac_00069","Level 1",6.14721639403407,0,0,1,-1,0,1,0,"0.901827189034666","0","Bacteria","Proteobacteria","Gammaproteobacteria","Burkholderiales","Burkholderiaceae","Burkholderia-Caballeronia-Paraburkholderia","Unidentified",8,0.00427907172958386,0.0415593511897277,0.0415593511897274,0.10801393728223,0.299651567944251
"Bac_00070","Bac_00070","Level 1",-1.91597405752087,0.288,0.58742209631728,7,-22,0,22,0,"1.88824781849084","0","Bacteria","Acidobacteriota","Vicinamibacteria","Vicinamibacterales","Vicinamibacteraceae","Unidentified","Unidentified",14,0.0149209478542979,0.141996372162016,0.141996372162004,0.132404181184669,0.32404181184669
"Bac_00071","Bac_00071","Level 1",-0.340804467412923,3.657,1,1,-58,0,58,0,"1.25092158479002","0.297520661157025","Bacteria","Proteobacteria","Alphaproteobacteria","Sphingomonadales","Sphingomonadaceae","Porphyrobacter","Unidentified",11,0.0282765505515838,0.0579817131946751,0.0579817131946731,0.174216027874564,0.45993031358885
"Bac_00072","Bac_00072","Level 1",5.46040177841028,0,0,1,-2,0,2,0,"0.203638397523957","0","Bacteria","Gemmatimonadota","Gemmatimonadetes","Gemmatimonadales","Gemmatimonadaceae","Unidentified","Unidentified",6,0.00283263934574084,0.0198711588477039,0.0198711588477037,0.101045296167247,0.24390243902439
"Bac_00073","Bac_00073","Level 1",1.79591698716673,0.331,0.657434482758621,6,-48,0,49,0,"-1.18729630767953","0.444444444444444","Bacteria","Chloroflexi","TK10","Unidentified","Unidentified","Unidentified","Unidentified",3,0.00841673995910283,0.0934655486670807,0.0934655486670801,0.111498257839721,0.386759581881533
"Bac_00074","Bac_00074","Level 1",2.23024617684103,0.098,0.238781725888325,8,-13,0,13,0,"0.0473077161838517","0.32","Bacteria","Proteobacteria","Alphaproteobacteria","Rhizobiales","Xanthobacteraceae","Unidentified","Unidentified",5,0.0016839435027164,0.0562429227181972,0.0562429227181969,0.0836236933797909,0.271777003484321
"Bac_00075","Bac_00075","Level 1",-0.578965820899645,2.741,1,7,-223,0,225,0,"-0.531366220278829","0.65625","Bacteria","Proteobacteria","Alphaproteobacteria","Rhizobiales","Hyphomicrobiaceae","Pedomicrobium","Unidentified",8,0.0228783656507466,0.0906669572882085,0.0906669572882019,0.229965156794425,0.501742160278746
"Bac_00076","Bac_00076","Level 1",-6.2468036294644,0,0,10,-294,0,305,0,"0.630538289108135","0.680555555555556","Bacteria","Actinobacteriota","Actinobacteria","Propionibacteriales","Nocardioidaceae","Kribbella","Unidentified",12,0.0410261403655241,0.078891643366986,0.0788916433669828,0.174216027874564,0.449477351916376
"Bac_00077","Bac_00077","Level 1",7.97641290896152,0,0,1,-79,0,79,0,"0.552732793279311","0","Bacteria","Firmicutes","Bacilli","Bacillales","Planococcaceae","Unidentified","Unidentified",7,0.00790825978083523,0.0213597307077718,0.0213597307077715,0.0940766550522648,0.331010452961672
"Bac_00078","Bac_00078","Level 1",5.6252099832244,0,0,2,-9,0,9,0,"-0.742670894844191","0.48","Bacteria","Proteobacteria","Gammaproteobacteria","Xanthomonadales","Xanthomonadaceae","Luteimonas","Unidentified",5,0.00485319065174791,0.0296226953090306,0.0296226953090301,0.0836236933797909,0.285714285714286
"Bac_00079","Bac_00079","Level 1",1.40172523011091,0.776,1,10,0,0,0,0,"-1.05089714851356","0.444444444444444","Bacteria","Verrucomicrobiota","Verrucomicrobiae","Chthoniobacterales","Chthoniobacteraceae","Candidatus Udaeobacter","Unidentified",3,0.00203475704697062,0.0192134583351998,0.0192134583351994,0.0766550522648084,0.327526132404181
"Bac_00080","Bac_00080","Level 1",2.84200183761781,0.014,0.0444052863436123,6,0,0,0,0,"-1.18729630767953","0","Bacteria","Proteobacteria","Alphaproteobacteria","Rhizobiales","Rhizobiaceae","Mesorhizobium","Unidentified",2,0,0.118876975894731,0.118876975894731,0.0696864111498258,0.247386759581882
"Bac_00081","Bac_00081","Level 1",1.32197375005726,0.915,1,8,-8,0,8,0,"0.898846607493181","0.244897959183674","Bacteria","Chloroflexi","AD3","Unidentified","Unidentified","Unidentified","Unidentified",7,0.00326831064998821,0.103989716050222,0.103989716050222,0.0940766550522648,0.327526132404181
"Bac_00082","Bac_00082","Level 1",-1.13413616566079,1.283,1,8,-197,0,199,0,"1.75038549880251","0.556213017751479","Bacteria","Actinobacteriota","Actinobacteria","Frankiales","Acidothermaceae","Acidothermus","Unidentified",13,0.0250186245382915,0.141464345404059,0.141464345404059,0.153310104529617,0.473867595818815
"Bac_00084","Bac_00084","Level 1",5.01439889942774,0,0,8,-24,0,24,0,"0.0473077161838517","0.59375","Bacteria","Actinobacteriota","Thermoleophilia","Gaiellales","Unidentified","Unidentified","Unidentified",8,0.00876304171678757,0.232178297822013,0.232178297822013,0.177700348432056,0.473867595818815
"Bac_00085","Bac_00085","Level 1",4.70470650669021,0,0,8,-159,0,159,0,"0.473077161838517","0.592592592592593","Bacteria","Actinobacteriota","Actinobacteria","Streptomycetales","Streptomycetaceae","Kitasatospora","Unidentified",9,0.015988113008789,0.185556888830423,0.185556888830423,0.202090592334495,0.505226480836237
"Bac_00086","Bac_00086","Level 1",4.08961730053161,0,0,1,-83,0,85,0,"0.203638397523957","0.375","Bacteria","Actinobacteriota","Actinobacteria","Frankiales","Unidentified","Unidentified","Unidentified",8,0.00360324352767443,0.0645480879321651,0.0645480879321646,0.125435540069686,0.303135888501742
"Bac_00087","Bac_00087","Level 1",2.17160689764382,0.126,0.295504885993485,1,-218,0,218,0,"-0.843644789742107","0.56","Bacteria","Bacteroidota","Bacteroidia","Chitinophagales","Chitinophagaceae","Flavisolibacter","Unidentified",5,0.0106535367298598,0.0403327006121428,0.0403327006121413,0.128919860627178,0.421602787456446
"Bac_00088","Bac_00088","Level 1",3.20174117844945,0.003,0.0109644670050761,2,-23,0,24,0,"-1.04998298926248","0.5","Bacteria","Actinobacteriota","Actinobacteria","Streptomycetales","Streptomycetaceae","Streptomyces","Unidentified",4,0.000228707539496125,0.109941217488997,0.109941217488997,0.101045296167247,0.310104529616725
"Bac_00090","Bac_00090","Level 1",0.0493395327415231,4.782,1,7,0,0,0,0,"-0.0474434125248955","0","Bacteria","Acidobacteriota","Vicinamibacteria","Vicinamibacterales","Unidentified","Unidentified","Unidentified",6,0.0044474966011132,0.0556177338814838,0.0556177338814792,0.125435540069686,0.306620209059233
"Bac_00091","Bac_00091","Level 1",-1.24181572879625,1.043,1,1,0,0,0,0,"-1.19273918549746","0","Bacteria","Proteobacteria","Gammaproteobacteria","Gammaproteobacteria Incertae Sedis","Unknown Family","Acidibacter","Unidentified",2,0,0.00620992707415865,0.00620992707415848,0.0487804878048781,0.156794425087108
"Bac_00092","Bac_00092","Level 1",-4.04952572593302,0,0,7,-1,0,1,0,"-0.289404816401862","0","Bacteria","Acidobacteriota","Blastocatellia","Pyrinomonadales","Pyrinomonadaceae","RB41","Unidentified",5,0.00116610722798247,0.0797124078829384,0.0797124078829314,0.128919860627178,0.313588850174216
"Bac_00093","Bac_00093","Level 1",2.07419399386053,0.138,0.317444089456869,8,0,0,0,0,"-0.378461729470813","0","Bacteria","Acidobacteriota","Vicinamibacteria","Vicinamibacterales","Unidentified","Unidentified","Unidentified",3,0.000209130874109436,0.0350429233832013,0.0350429233832013,0.0557491289198606,0.212543554006969
"Bac_00094","Bac_00094","Level 1",2.81046774494256,0.015,0.0469565217391304,2,-158,0,161,0,"1.10120167166552","0.375","Bacteria","Proteobacteria","Alphaproteobacteria","Caulobacterales","Hyphomonadaceae","SWB02","Unidentified",12,0.0232772458309581,0.198966455562937,0.198966455562933,0.198606271777003,0.442508710801394
"Bac_00095","Bac_00095","Level 1",-5.21819227722289,0,0,7,0,0,0,0,"-0.773327624155795","0","Bacteria","Actinobacteriota","Actinobacteria","Streptomycetales","Streptomycetaceae","Streptomyces","Unidentified",3,0.000213491358869375,0.0382616478656989,0.0382616478656956,0.0975609756097561,0.278745644599303
"Bac_00097","Bac_00097","Level 1",5.76032041090797,0,0,8,-40,0,40,0,"-1.23000062078014","0.666666666666667","Bacteria","Actinobacteriota","Thermoleophilia","Gaiellales","Unidentified","Unidentified","Unidentified",3,0.00168654672816038,0.0713608616084604,0.0713608616084603,0.118466898954704,0.369337979094077
"Bac_00098","Bac_00098","Level 1",0.762726408380367,2.224,1,2,-33,0,34,0,"0.179265388410667","0.375","Bacteria","Proteobacteria","Alphaproteobacteria","Rhizobiales","Xanthobacteraceae","Rhodoplanes","Unidentified",8,0.00464649318368261,0.21543428541274,0.215434285412738,0.170731707317073,0.411149825783972
"Bac_00099","Bac_00099","Level 1",6.97415092320739,0,0,1,-2,0,2,0,"-0.494550393986752","0.5","Bacteria","Proteobacteria","Gammaproteobacteria","Xanthomonadales","Rhodanobacteraceae","Rhodanobacter","Unidentified",6,0.00819700299099557,0.103220973512488,0.103220973512487,0.174216027874564,0.421602787456446
"Bac_00100","Bac_00100","Level 1",4.02227886414506,0,0,11,0,0,0,0,"NaN","0.5","Bacteria","Chloroflexi","KD4-96","Unidentified","Unidentified","Unidentified","Unidentified",2,0.00291611330782904,0.0353278669004659,0.0353278669004654,0.0801393728222996,0.275261324041812
"Bac_00101","Bac_00101","Level 1",2.73330497904696,0.024,0.0708196721311476,2,-11,0,11,0,"-0.128046706007619","0.277777777777778","Bacteria","Proteobacteria","Gammaproteobacteria","Burkholderiales","Nitrosomonadaceae","mle1-7","Unidentified",6,0.00429735603760593,0.053239806408477,0.053239806408476,0.101045296167247,0.358885017421603
"Bac_00103","Bac_00103","Level 1",2.96827249764436,0.003,0.0109644670050761,6,-23,0,23,0,"1.58147868182914","0.13265306122449","Bacteria","Acidobacteriota","Holophagae","Holophagales","Holophagaceae","Holophaga","Unidentified",14,0.0166656272375846,0.576723998107878,0.576723998107879,0.198606271777003,0.435540069686411
"Bac_00104","Bac_00104","Level 1",-1.38970858902699,0.812,1,8,-25,0,25,0,"1.32461605314785","0","Bacteria","Planctomycetota","Planctomycetes","Planctomycetales","Unidentified","Unidentified","Unidentified",7,0.0021037086898729,0.116650081003496,0.116650081003496,0.10801393728223,0.348432055749129
"Bac_00105","Bac_00105","Level 1",7.85659612142761,0,0,2,-10,0,10,0,"-0.435358800425905","0.5","Bacteria","Firmicutes","Bacilli","Bacillales","Planococcaceae","Solibacillus","Unidentified",6,0.0106274577704408,0.0552274122207234,0.0552274122207218,0.121951219512195,0.365853658536585
"Bac_00106","Bac_00106","Level 1",3.00017685232747,0.004,0.0144723618090452,2,0,0,0,0,"-1.35729508368076","0","Bacteria","Proteobacteria","Gammaproteobacteria","Burkholderiales","Comamonadaceae","Ramlibacter","Unidentified",1,0,0.0339077352987709,0.0339077352987705,0.0731707317073171,0.254355400696864
"Bac_00107","Bac_00107","Level 1",2.39913185094701,0.061,0.15741935483871,6,-210,0,211,0,"-0.180469038767289","0","Bacteria","Actinobacteriota","Acidimicrobiia","IMCC26256","Unidentified","Unidentified","Unidentified",6,0.00163695527408956,0.321202621429993,0.321202621429993,0.121951219512195,0.369337979094077
"Bac_00108","Bac_00108","Level 1",-1.01657616441466,1.506,1,2,0,0,0,0,"-0.742670894844191","0.375","Bacteria","Acidobacteriota","Vicinamibacteria","Subgroup 17","Unidentified","Unidentified","Unidentified",4,0.000483587971271405,0.0831072968714463,0.0831072968714456,0.111498257839721,0.355400696864112
"Bac_00109","Bac_00109","Level 1",3.2178285604812,0.005,0.0178217821782178,2,-50,0,50,0,"-0.128046706007619","0.448979591836735","Bacteria","Methylomirabilota","Methylomirabilia","Rokubacteriales","Unidentified","Unidentified","Unidentified",7,0.00910626882049108,0.0618443158731789,0.0618443158731783,0.114982578397213,0.428571428571429
"Bac_00110","Bac_00110","Level 1",0.781744462669799,2.12,1,2,-98,0,100,0,"-0.742670894844191","0.56","Bacteria","Proteobacteria","Gammaproteobacteria","Burkholderiales","Nitrosomonadaceae","IS-44","Unidentified",5,0.00289221752091882,0.116576488490315,0.116576488490314,0.128919860627178,0.393728222996516
"Bac_00111","Bac_00111","Level 1",0.965532717610705,1.718,1,6,-55,0,56,0,"-0.180469038767289","0.244897959183674","Bacteria","Chloroflexi","Ktedonobacteria","Ktedonobacterales","JG30-KF-AS9","Unidentified","Unidentified",7,0.0171478679392876,0.330148258847948,0.330148258847948,0.149825783972125,0.463414634146341
"Bac_00112","Bac_00112","Level 1",-0.764949193659757,2.173,1,7,-27,0,27,0,"-0.289404816401862","0.567901234567901","Bacteria","Proteobacteria","Gammaproteobacteria","Burkholderiales","Nitrosomonadaceae","MND1","Unidentified",9,0.00676748224741225,0.118180624859983,0.118180624859976,0.153310104529617,0.379790940766551
"Bac_00113","Bac_00113","Level 1",0.926287572921808,1.733,1,4,-3,0,3,0,"-0.477082810872417","0.444444444444444","Bacteria","Chloroflexi","KD4-96","Unidentified","Unidentified","Unidentified","Unidentified",3,0.000762121107490966,0.0261927390060001,0.0261927390059988,0.0731707317073171,0.264808362369338
"Bac_00114","Bac_00114","Level 1",-0.918083988624549,1.778,1,7,-14,0,14,0,"-0.773327624155795","0.48","Bacteria","Chloroflexi","Dehalococcoidia","S085","Unidentified","Unidentified","Unidentified",5,0.00667780739833901,0.044828866159589,0.0448288661595855,0.13588850174216,0.365853658536585
"Bac_00115","Bac_00115","Level 1",-7.12437112105414,0,0,7,-8,0,8,0,"-0.531366220278829","0.5","Bacteria","Proteobacteria","Gammaproteobacteria","Xanthomonadales","Xanthomonadaceae","Luteimonas","Unidentified",6,0.00622255830252466,0.0407498056157422,0.040749805615739,0.121951219512195,0.344947735191638
"Bac_00116","Bac_00116","Level 1",7.97970439477614,0,0,1,-351,0,357,0,"2.64729916781144","0.13265306122449","Bacteria","Actinobacteriota","Actinobacteria","Frankiales","Geodermatophilaceae","Geodermatophilus","Unidentified",14,0.0324493560458176,0.109983981575765,0.109983981575765,0.170731707317073,0.470383275261324
"Bac_00117","Bac_00117","Level 1",1.67515389112,0.446,0.827628865979381,6,-151,0,153,0,"1.32977186460108","0.244897959183674","Bacteria","Chloroflexi","Gitt-GS-136","Unidentified","Unidentified","Unidentified","Unidentified",14,0.0304372056542618,0.633893813714803,0.633893813714803,0.212543554006969,0.501742160278746
"Bac_00119","Bac_00119","Level 1",-4.26881431181303,0,0,6,-139,0,141,0,"-0.683882673223411","0.5","Bacteria","Actinobacteriota","Thermoleophilia","Gaiellales","Unidentified","Unidentified","Unidentified",6,0.0292799484724447,0.215314936457042,0.215314936457042,0.149825783972125,0.449477351916376
"Bac_00121","Bac_00121","Level 1",2.08850928931873,0.162,0.361114551083591,2,0,0,0,0,"-1.35729508368076","0.5","Bacteria","Gemmatimonadota","Gemmatimonadetes","Gemmatimonadales","Gemmatimonadaceae","Gemmatimonas","Unidentified",2,0.00153495161240392,0.0719866960412472,0.071986696041247,0.0696864111498258,0.29616724738676
"Bac_00123","Bac_00123","Level 1",-2.89078149735393,0.016,0.0497624190064795,7,-66,0,66,0,"1.16236360685994","0","Bacteria","Acidobacteriota","Vicinamibacteria","Vicinamibacterales","Unidentified","Unidentified","Unidentified",11,0.0182791188361237,0.123518814610908,0.123518814610898,0.177700348432056,0.400696864111498
"Bac_00124","Bac_00124","Level 1",1.85538758271595,0.285,0.582954545454545,6,0,0,0,0,"-0.683882673223411","0","Bacteria","Gemmatimonadota","Gemmatimonadetes","Gemmatimonadales","Gemmatimonadaceae","Unidentified","Unidentified",4,0.00107562944269614,0.230384570914343,0.230384570914344,0.13588850174216,0.383275261324042
"Bac_00125","Bac_00125","Level 1",4.68373572361635,0,0,10,0,0,0,0,"-1.05089714851356","0","Bacteria","Actinobacteriota","Thermoleophilia","Solirubrobacterales","Solirubrobacteraceae","Conexibacter","Unidentified",2,0,0.0102706284852664,0.0102706284852662,0.0348432055749129,0.149825783972125
"Bac_00126","Bac_00126","Level 1",1.17372743100139,1.18,1,2,0,0,0,0,"-0.435358800425905","0.444444444444444","Bacteria","Actinobacteriota","Actinobacteria","Propionibacteriales","Nocardioidaceae","Nocardioides","Unidentified",6,0.0065244122606798,0.0692449809522453,0.0692449809522443,0.139372822299652,0.442508710801394
"Bac_00127","Bac_00127","Level 1",-2.55781513630796,0.064,0.16427807486631,7,-1,0,1,0,"-0.531366220278829","0","Bacteria","Myxococcota","Myxococcia","Myxococcales","Myxococcaceae","Unidentified","Unidentified",4,0.000188564459583782,0.0506955717613108,0.0506955717613064,0.111498257839721,0.299651567944251
"Bac_00129","Bac_00129","Level 1",2.04378249469608,0.194,0.422632375189107,7,0,0,0,0,"0.194517991352071","0","Bacteria","Proteobacteria","Gammaproteobacteria","Burkholderiales","Nitrosomonadaceae","MND1","Unidentified",7,0.00196167979431314,0.0743324383730531,0.0743324383730474,0.104529616724739,0.275261324041812
"Bac_00130","Bac_00130","Level 1",5.25119850804446,0,0,1,0,0,0,0,"-1.54183358125282","0","Bacteria","Proteobacteria","Gammaproteobacteria","Xanthomonadales","Xanthomonadaceae","Arenimonas","Unidentified",1,0,0.00389824671740807,0.00389824671740804,0.0278745644599303,0.146341463414634
"Bac_00131","Bac_00131","Level 1",-0.0706802312546304,4.584,1,6,0,0,0,0,"-1.43900312490759","0","Bacteria","Acidobacteriota","Acidobacteriae","Bryobacterales","Bryobacteraceae","Bryobacter","Unidentified",1,0,0.0239812753996428,0.0239812753996428,0.0313588850174216,0.146341463414634
"Bac_00134","Bac_00134","Level 1",5.68326029874727,0,0,10,-230,0,239,0,"0.630538289108135","0.408163265306122","Bacteria","Chloroflexi","Ktedonobacteria","Ktedonobacterales","JG30-KF-AS9","Unidentified","Unidentified",7,0.00477355174387285,0.0362295313694415,0.036229531369441,0.0940766550522648,0.278745644599303
"Bac_00135","Bac_00135","Level 1",-1.74100507593318,0.422,0.799370078740157,7,-48,0,48,0,"0.678440799106005","0","Bacteria","Actinobacteriota","Actinobacteria","Micrococcales","Intrasporangiaceae","Phycicoccus","Unidentified",9,0.00807525039230365,0.10528480701309,0.105284807013082,0.167247386759582,0.337979094076655
"Bac_00137","Bac_00137","Level 1",6.63461393458506,0,0,1,-22,0,22,0,"1.25092158479002","0","Bacteria","Proteobacteria","Gammaproteobacteria","Burkholderiales","Nitrosomonadaceae","Ellin6067","Unidentified",9,0.00575928773386423,0.066695084334248,0.0666950843342474,0.149825783972125,0.372822299651568
"Bac_00140","Bac_00140","Level 1",-0.353359369439839,3.572,1,8,0,0,0,0,"-0.804231175125478","0.444444444444444","Bacteria","Acidobacteriota","Acidobacteriae","Acidobacteriales","Unidentified","Unidentified","Unidentified",3,0.000678915652868582,0.0435146603866246,0.0435146603866244,0.10801393728223,0.355400696864112
"Bac_00141","Bac_00141","Level 1",-0.795856679235123,2.11,1,7,0,0,0,0,"-0.0474434125248955","0","Bacteria","Acidobacteriota","Vicinamibacteria","Vicinamibacterales","Unidentified","Unidentified","Unidentified",6,0.000488159827606479,0.0807198080959585,0.0807198080959518,0.118466898954704,0.278745644599303
"Bac_00143","Bac_00143","Level 1",4.47833644416175,0,0,7,0,0,0,0,"-1.25725043190973","0","Bacteria","Methylomirabilota","Methylomirabilia","Rokubacteriales","Unidentified","Unidentified","Unidentified",1,0,0.0148760726915864,0.0148760726915852,0.0487804878048781,0.132404181184669
"Bac_00144","Bac_00144","Level 1",-0.827512278330664,2.003,1,1,0,0,0,0,"-1.54183358125282","0","Bacteria","Actinobacteriota","Actinobacteria","Micrococcales","Intrasporangiaceae","Knoellia","Unidentified",1,0,0.0136596731477187,0.0136596731477187,0.0487804878048781,0.195121951219512
"Bac_00145","Bac_00145","Level 1",3.70517783219784,0,0,9,-98,0,99,0,"-0.526986039392208","0.375","Bacteria","Bacteroidota","Bacteroidia","Chitinophagales","Chitinophagaceae","Flavisolibacter","Unidentified",4,0.00725966434309699,0.013181807202351,0.0131818072023507,0.0662020905923345,0.29616724738676
"Bac_00146","Bac_00146","Level 1",-7.26836019853766,0,0,3,-49,0,49,0,"-0.210818510677892","0.56","Bacteria","Actinobacteriota","Actinobacteria","Pseudonocardiales","Pseudonocardiaceae","Amycolatopsis","Unidentified",5,0.00779739674794021,0.0368702896911839,0.0368702896911832,0.0905923344947735,0.317073170731707
"Bac_00148","Bac_00148","Level 1",-2.26882089769412,0.109,0.259438016528926,10,-26,0,26,0,"-0.490418669306327","0.5","Bacteria","Proteobacteria","Gammaproteobacteria","Gammaproteobacteria Incertae Sedis","Unknown Family","Acidibacter","Unidentified",6,0.00136708192891836,0.0268465248409414,0.0268465248409399,0.104529616724739,0.271777003484321
"Bac_00149","Bac_00149","Level 1",1.42775239828131,0.749,1,4,-5,0,5,0,"-0.477082810872417","0.444444444444444","Bacteria","Chloroflexi","Chloroflexia","Thermomicrobiales","JG30-KF-CM45","Unidentified","Unidentified",3,0.00193712888073671,0.027490490223821,0.0274904902238188,0.0975609756097561,0.306620209059233
"Bac_00151","Bac_00151","Level 1",0.58909276371911,2.718,1,9,-82,0,83,0,"-1.14180308534978","0.625","Bacteria","Proteobacteria","Alphaproteobacteria","Sphingomonadales","Sphingomonadaceae","Sphingomonas","Unidentified",4,0.00930978381075478,0.05750600853899,0.0575060085389896,0.0836236933797909,0.35191637630662
"Bac_00152","Bac_00152","Level 1",7.11548804905123,0,0,9,-14,0,14,0,"1.31746509848052","0","Bacteria","Actinobacteriota","Actinobacteria","Propionibacteriales","Nocardioidaceae","Marmoricola","Unidentified",6,0.00534483715483373,0.0326347872798774,0.0326347872798766,0.121951219512195,0.407665505226481
"Bac_00153","Bac_00153","Level 1",-4.17327953111887,0,0,7,-61,0,61,0,"0.436479395229038","0","Bacteria","Proteobacteria","Gammaproteobacteria","Gammaproteobacteria Incertae Sedis","Unknown Family","Acidibacter","Unidentified",8,0.0103723882713724,0.112892914163711,0.112892914163702,0.174216027874564,0.386759581881533
"Bac_00154","Bac_00154","Level 1",-2.92642116839694,0.015,0.0469565217391304,7,-321,0,331,0,"1.88824781849084","0.304498269896194","Bacteria","Actinobacteriota","Thermoleophilia","Gaiellales","Unidentified","Unidentified","Unidentified",17,0.0491666007816812,0.168288887327153,0.16828888732714,0.233449477351916,0.515679442508711
"Bac_00155","Bac_00155","Level 1",5.14493016134271,0,0,2,-406,0,414,0,"0.179265388410667","0.444444444444444","Bacteria","Actinobacteriota","Thermoleophilia","Solirubrobacterales","67-14","Unidentified","Unidentified",9,0.0130755836715729,0.122780744491892,0.122780744491888,0.167247386759582,0.442508710801394
"Bac_00156","Bac_00156","Level 1",1.69338756369303,0.436,0.812212160413971,2,-100,0,103,0,"-0.742670894844191","0.375","Bacteria","Actinobacteriota","Actinobacteria","Streptomycetales","Streptomycetaceae","Streptomyces","Unidentified",4,0.000267913338430853,0.114557093816205,0.114557093816204,0.101045296167247,0.327526132404181
"Bac_00158","Bac_00158","Level 1",5.59205701094205,0,0,9,-94,0,94,0,"0.0878310065653679","0.59375","Bacteria","Proteobacteria","Alphaproteobacteria","Rhizobiales","Xanthobacteraceae","Pseudolabrys","Unidentified",8,0.0136731752914956,0.072169859060954,0.0721698590609534,0.156794425087108,0.45993031358885
"Bac_00159","Bac_00159","Level 1",-3.57623505062538,0,0,3,0,0,0,0,"-0.210818510677892","0.48","Bacteria","Myxococcota","Polyangia","Haliangiales","Haliangiaceae","Haliangium","Unidentified",5,0.000612778400565855,0.0134280555596404,0.0134280555596398,0.0731707317073171,0.219512195121951
"Bac_00160","Bac_00160","Level 1",1.16972841308179,1.057,1,6,-13,0,13,0,"3.34342640242556","0","Bacteria","Chloroflexi","Ktedonobacteria","C0119","Unidentified","Unidentified","Unidentified",20,0.0202595761788375,1,1,0.202090592334495,0.439024390243902
"Bac_00161","Bac_00161","Level 1",5.06812454598182,0,0,2,-63,0,63,0,"-0.742670894844191","0.56","Bacteria","Actinobacteriota","Thermoleophilia","Solirubrobacterales","67-14","Unidentified","Unidentified",5,0.0141811498123513,0.0622292081152491,0.0622292081152483,0.149825783972125,0.522648083623693
"Bac_00162","Bac_00162","Level 1",1.13352459936362,1.254,1,8,-18,0,18,0,"-0.378461729470813","0.611111111111111","Bacteria","Gemmatimonadota","Gemmatimonadetes","Gemmatimonadales","Gemmatimonadaceae","Unidentified","Unidentified",6,0.00589068900600667,0.172017354393006,0.172017354393006,0.132404181184669,0.344947735191638
"Bac_00168","Bac_00168","Level 1",-2.6542903058001,0.039,0.108208092485549,7,-34,0,34,0,"-0.531366220278829","0","Bacteria","Proteobacteria","Gammaproteobacteria","Xanthomonadales","Xanthomonadaceae","Unidentified","Unidentified",4,0.00156224141383297,0.0471332945499713,0.0471332945499671,0.111498257839721,0.29616724738676
"Bac_00169","Bac_00169","Level 1",6.16347202323879,0,0,2,-213,0,221,0,"1.10120167166552","0.18","Bacteria","Acidobacteriota","Vicinamibacteria","Vicinamibacterales","Unidentified","Unidentified","Unidentified",10,0.0068436239049702,0.183307165485057,0.183307165485056,0.149825783972125,0.397212543554007
"Bac_00171","Bac_00171","Level 1",-0.358801005347504,3.471,1,2,-8,0,8,0,"-0.435358800425905","0.571428571428571","Bacteria","Firmicutes","Bacilli","Bacillales","Planococcaceae","Domibacillus","Unidentified",7,0.0173026546551219,0.046674099026131,0.04667409902613,0.132404181184669,0.383275261324042
"Bac_00172","Bac_00172","Level 1",4.75929977783742,0,0,1,0,0,0,0,"-1.19273918549746","0","Bacteria","Actinobacteriota","Actinobacteria","Micromonosporales","Micromonosporaceae","Hamadaea","Unidentified",2,0,0.018324178276947,0.0183241782769469,0.0522648083623693,0.195121951219512
"Bac_00173","Bac_00173","Level 1",6.90260909848196,0,0,1,-34,0,36,0,"1.94911037630073","0.152777777777778","Bacteria","Actinobacteriota","Thermoleophilia","Solirubrobacterales","Solirubrobacteraceae","Conexibacter","Unidentified",12,0.0300932878645693,0.100505962320732,0.100505962320731,0.160278745644599,0.466898954703833
"Bac_00175","Bac_00175","Level 1",-1.77038258510505,0.398,0.763027888446215,8,-6,0,6,0,"-0.378461729470813","0.48","Bacteria","Acidobacteriota","Blastocatellia","Pyrinomonadales","Pyrinomonadaceae","RB41","Unidentified",5,0.00661778538731228,0.0775300836751443,0.077530083675144,0.111498257839721,0.383275261324042
"Bac_00178","Bac_00178","Level 1",1.29711281486169,0.944,1,7,-12,0,12,0,"-0.773327624155795","0","Bacteria","Bacteroidota","Bacteroidia","Chitinophagales","Chitinophagaceae","Unidentified","Unidentified",3,0.00691990935893375,0.0168493124133147,0.016849312413313,0.0592334494773519,0.181184668989547
"Bac_00179","Bac_00179","Level 1",1.58693140333799,0.567,1,2,-393,0,404,0,"3.8670105214301","0.258503401360544","Bacteria","Proteobacteria","Gammaproteobacteria","PLTA13","Unidentified","Unidentified","Unidentified",21,0.0595494619866942,0.323659039618603,0.323659039618599,0.254355400696864,0.54006968641115
"Bac_00181","Bac_00181","Level 1",-2.9825657160018,0.015,0.0469565217391304,10,-14,0,14,0,"0.630538289108135","0.277777777777778","Bacteria","Chloroflexi","Gitt-GS-136","Unidentified","Unidentified","Unidentified","Unidentified",6,0.00744525448861631,0.0209950602610209,0.0209950602610196,0.0766550522648084,0.261324041811847
"Bac_00184","Bac_00184","Level 1",3.60864248756606,0.001,0.00398891966759003,6,-3,0,3,0,"-0.43217585599535","0.277777777777778","Bacteria","Actinobacteriota","Thermoleophilia","Gaiellales","Unidentified","Unidentified","Unidentified",6,0.0120618465864109,0.340568018355628,0.340568018355629,0.160278745644599,0.40418118466899
"Bac_00186","Bac_00186","Level 1",-2.36417954751029,0.087,0.216747404844291,7,-11,0,11,0,"0.920402202982971","0.165289256198347","Bacteria","Acidobacteriota","Vicinamibacteria","Vicinamibacterales","Unidentified","Unidentified","Unidentified",11,0.011561507150947,0.138657647787787,0.138657647787777,0.184668989547038,0.400696864111498
"Bac_00189","Bac_00189","Level 1",-1.66033362194236,0.515,0.931658291457287,7,-22,0,22,0,"-0.773327624155795","0.56","Bacteria","Proteobacteria","Gammaproteobacteria","Xanthomonadales","Xanthomonadaceae","Lysobacter","Unidentified",5,0.00176009358725,0.0615998818461769,0.0615998818461729,0.128919860627178,0.334494773519164
"Bac_00190","Bac_00190","Level 1",2.18312002484564,0.145,0.330379746835443,1,0,0,0,0,"-1.19273918549746","0","Bacteria","Proteobacteria","Alphaproteobacteria","Sphingomonadales","Sphingomonadaceae","Sphingomonas","Unidentified",2,0.000330941713883746,0.0175967163600979,0.0175967163600976,0.0801393728222996,0.254355400696864
"Bac_00191","Bac_00191","Level 1",-3.31676567452325,0.006,0.0206698564593301,7,-17,0,17,0,"0.436479395229038","0","Bacteria","Proteobacteria","Alphaproteobacteria","Sphingomonadales","Sphingomonadaceae","Sphingomonas","Unidentified",8,0.00474607740293186,0.0868906926100668,0.0868906926100594,0.149825783972125,0.362369337979094
"Bac_00193","Bac_00193","Level 1",1.59723894101139,0.517,0.934102885821832,8,0,0,0,0,"-1.23000062078014","0","Bacteria","Planctomycetota","Planctomycetes","Pirellulales","Pirellulaceae","Unidentified","Unidentified",1,0,0.0148203355723578,0.0148203355723577,0.0452961672473868,0.153310104529617
"Bac_00196","Bac_00196","Level 1",4.14843792060343,0,0,6,-4,0,4,0,"-0.683882673223411","0","Bacteria","Actinobacteriota","Thermoleophilia","Gaiellales","Unidentified","Unidentified","Unidentified",4,0.00139508192804059,0.238019090488714,0.238019090488715,0.13588850174216,0.348432055749129
"Bac_00199","Bac_00199","Level 1",-2.8389639573131,0.031,0.08928,7,-22,0,22,0,"-0.531366220278829","0","Bacteria","Proteobacteria","Gammaproteobacteria","Xanthomonadales","Xanthomonadaceae","Lysobacter","Unidentified",4,0.000160677623243752,0.0236596631760796,0.0236596631760773,0.0592334494773519,0.181184668989547
"Bac_00203","Bac_00203","Level 1",2.78228280003501,0.02,0.0605042016806723,2,-7,0,7,0,"-0.128046706007619","0","Bacteria","Proteobacteria","Alphaproteobacteria","Rhizobiales","Rhizobiaceae","Mesorhizobium","Unidentified",5,0.000173934250245573,0.111671006645584,0.111671006645582,0.114982578397213,0.306620209059233
"Bac_00205","Bac_00205","Level 1",2.27261495498956,0.069,0.175858407079646,6,-347,0,350,0,"1.32977186460108","0","Bacteria","Actinobacteriota","Thermoleophilia","Gaiellales","Unidentified","Unidentified","Unidentified",12,0.00470824243047286,0.731061272694705,0.731061272694705,0.18815331010453,0.421602787456446
"Bac_00206","Bac_00206","Level 1",2.64826354960418,0.022,0.0654545454545454,9,-3,0,3,0,"-1.14180308534978","0","Bacteria","Proteobacteria","Alphaproteobacteria","Rhizobiales","Xanthobacteraceae","Unidentified","Unidentified",2,2.25245642606649e-05,0.00944867724960089,0.00944867724960074,0.0348432055749129,0.170731707317073
"Bac_00210","Bac_00210","Level 1",-4.37689866842081,0,0,10,0,0,0,0,"0.0700598099009039","0","Bacteria","Actinobacteriota","Thermoleophilia","Solirubrobacterales","67-14","Unidentified","Unidentified",4,0.0013796520591941,0.0214707923524588,0.0214707923524577,0.0940766550522648,0.261324041811847
"Bac_00213","Bac_00213","Level 1",2.73169860907356,0.025,0.073469387755102,1,0,0,0,0,"0.552732793279311","0","Bacteria","Firmicutes","Bacilli","Bacillales","Sporolactobacillaceae","Pullulanibacillus","Unidentified",7,0.0111461871038785,0.0336580757388728,0.033658075738872,0.156794425087108,0.355400696864112
"Bac_00214","Bac_00214","Level 1",1.97369311330462,0.151,0.341350078492936,6,-4,0,4,0,"-1.43900312490759","0.75","Bacteria","Actinobacteriota","Actinobacteria","Pseudonocardiales","Pseudonocardiaceae","Pseudonocardia","Unidentified",4,0.00448581253702317,0.0584126235554153,0.0584126235554151,0.111498257839721,0.400696864111498
"Bac_00216","Bac_00216","Level 1",2.62271657306257,0.037,0.103456310679612,2,-84,0,86,0,"-0.435358800425905","0.32","Bacteria","Actinobacteriota","Thermoleophilia","Gaiellales","Unidentified","Unidentified","Unidentified",5,0.00486403423715889,0.157960840399071,0.15796084039907,0.153310104529617,0.428571428571429
"Bac_00222","Bac_00222","Level 1",1.80783531933272,0.315,0.629126213592233,7,0,0,0,0,"-0.531366220278829","0.32","Bacteria","Chloroflexi","Chloroflexia","Chloroflexales","Roseiflexaceae","Unidentified","Unidentified",5,0.00258312564893943,0.0706609730220914,0.0706609730220869,0.10801393728223,0.327526132404181
"Bac_00226","Bac_00226","Level 1",-1.29494875252702,0.994,1,8,-5,0,5,0,"1.75038549880251","0.32","Bacteria","Actinobacteriota","Thermoleophilia","Solirubrobacterales","Solirubrobacteraceae","Unidentified","Unidentified",10,0.00810579270421514,0.184187953153575,0.184187953153575,0.142857142857143,0.390243902439024
"Bac_00227","Bac_00227","Level 1",5.1222534664784,0,0,2,-79,0,82,0,"0.179265388410667","0","Bacteria","Bacteroidota","Bacteroidia","Chitinophagales","Saprospiraceae","Unidentified","Unidentified",6,0.00672867164886575,0.0871389569662682,0.087138956966267,0.146341463414634,0.372822299651568
"Bac_00229","Bac_00229","Level 1",0.740238856441162,2.237,1,11,0,0,0,0,"NaN","0.5","Bacteria","Chloroflexi","KD4-96","Unidentified","Unidentified","Unidentified","Unidentified",2,0.00145971659774646,0.0135555626551472,0.013555562655147,0.0278745644599303,0.202090592334495
"Bac_00231","Bac_00231","Level 1",-1.36259930679498,0.843,1,7,-11,0,11,0,"-1.01528902803276","0","Bacteria","Actinobacteriota","Acidimicrobiia","IMCC26256","Unidentified","Unidentified","Unidentified",2,0,0.0180294907607636,0.018029490760762,0.0452961672473868,0.198606271777003
"Bac_00240","Bac_00240","Level 1",3.01487872850264,0.001,0.00398891966759003,6,-35,0,35,0,"-0.683882673223411","0","Bacteria","Actinobacteriota","Actinobacteria","Micrococcales","Intrasporangiaceae","Phycicoccus","Unidentified",4,0.00273866250635721,0.269840614413213,0.269840614413213,0.146341463414634,0.372822299651568
"Bac_00246","Bac_00246","Level 1",0.839325674969581,1.98,1,7,-10,0,10,0,"-0.531366220278829","0.32","Bacteria","Firmicutes","Bacilli","Bacillales","Bacillaceae","Unidentified","Unidentified",5,0.000976875675244361,0.0648684804130945,0.0648684804130899,0.0905923344947735,0.278745644599303
"Bac_00248","Bac_00248","Level 1",7.37235285576001,0,0,1,-32,0,32,0,"-0.145455998231398","0","Bacteria","Planctomycetota","Phycisphaerae","Tepidisphaerales","WD2101 soil group","Unidentified","Unidentified",5,0.00149653428838483,0.0445240366871912,0.0445240366871911,0.0975609756097561,0.289198606271777
"Bac_00254","Bac_00254","Level 1",0.0636522857223451,4.872,1,7,0,0,0,0,"-0.773327624155795","0","Bacteria","Acidobacteriota","Vicinamibacteria","Vicinamibacterales","Vicinamibacteraceae","Vicinamibacter","Unidentified",3,0.000423516552854251,0.0264490009107944,0.026449000910792,0.0662020905923345,0.205574912891986
"Bac_00255","Bac_00255","Level 1",2.38499093188827,0.059,0.152531418312388,7,0,0,0,0,"-1.25725043190973","0","Bacteria","Planctomycetota","Phycisphaerae","Tepidisphaerales","WD2101 soil group","Unidentified","Unidentified",1,0,0.00176519718389519,0.00176519718389497,0.0104529616724739,0.0592334494773519
"Bac_00256","Bac_00256","Level 1",4.18184019750375,0,0,10,0,0,0,0,"-1.61137562772079","0","Bacteria","Chloroflexi","Chloroflexia","Thermomicrobiales","JG30-KF-CM45","Unidentified","Unidentified",1,0,0.00219952128249327,0.0021995212824931,0.0209059233449477,0.0766550522648084
"Bac_00263","Bac_00263","Level 1",-4.21139595058022,0,0,10,-120,0,120,0,"1.19101676831537","0.48","Bacteria","Proteobacteria","Gammaproteobacteria","Burkholderiales","SC-I-84","Unidentified","Unidentified",10,0.0138350908967951,0.038459248338743,0.0384592483387414,0.142857142857143,0.35191637630662
"Bac_00266","Bac_00266","Level 1",3.29276542111987,0,0,6,0,0,0,0,"-1.43900312490759","0","Bacteria","Actinobacteriota","Actinobacteria","Micromonosporales","Micromonosporaceae","Dactylosporangium","Unidentified",1,0,0.0584572060921184,0.0584572060921185,0.0452961672473868,0.233449477351916
"Bac_00270","Bac_00270","Level 1",3.27104318707369,0.003,0.0109644670050761,9,-186,0,189,0,"0.0878310065653679","0.493827160493827","Bacteria","Acidobacteriota","Vicinamibacteria","Vicinamibacterales","Unidentified","Unidentified","Unidentified",9,0.0178974602802315,0.093290517986723,0.0932905179867219,0.170731707317073,0.484320557491289
"Bac_00272","Bac_00272","Level 1",5.34287625658831,0,0,10,-44,0,44,0,"0.0700598099009039","0.32","Bacteria","Acidobacteriota","Acidobacteriae","Acidobacteriales","Unidentified","Unidentified","Unidentified",5,0.00318250608450347,0.0254192403129428,0.0254192403129424,0.0975609756097561,0.327526132404181
"Bac_00287","Bac_00287","Level 1",-0.273253034535222,3.864,1,7,-6,0,6,0,"-0.289404816401862","0","Bacteria","Chloroflexi","JG30-KF-CM66","Unidentified","Unidentified","Unidentified","Unidentified",5,0.000510330203169846,0.0590990755567723,0.0590990755567671,0.10801393728223,0.226480836236934
"Bac_00295","Bac_00295","Level 1",4.20572214795827,0,0,6,0,0,0,0,"-1.18729630767953","0.444444444444444","Bacteria","Proteobacteria","Alphaproteobacteria","Reyranellales","Reyranellaceae","Reyranella","Unidentified",3,0.00179364353110887,0.0933934706711173,0.0933934706711173,0.101045296167247,0.348432055749129
"Fun_00002","Fun_00002","Level 1",3.26659363807229,0.006,0.0206698564593301,9,-346,0,357,0,"1.31746509848052","0.244897959183674","Fungi","Ascomycota","Sordariomycetes","Sordariales","Chaetomiaceae","Unidentified","Unidentified",7,0.00898810450731791,0.0283050635054924,0.0283050635054913,0.114982578397213,0.369337979094077
"Fun_00003","Fun_00003","Level 1",-1.28260777245714,1.043,1,6,-93,0,94,0,"1.07806504737302","0.260355029585799","Fungi","Ascomycota","Sordariomycetes","Sordariales","Chaetomiaceae","Unidentified","Unidentified",13,0.0270458051832474,0.557990765701407,0.557990765701408,0.233449477351916,0.494773519163763
"Fun_00004","Fun_00004","Level 1",1.0204935332327,1.57,1,1,-127,0,128,0,"-0.843644789742107","0.65625","Fungi","Mucoromycota","Mortierellomycetes","Mortierellales","Mortierellaceae","Mortierella","Unidentified",8,0.0277256893641215,0.0322432652709415,0.0322432652709408,0.160278745644599,0.515679442508711
"Fun_00005","Fun_00005","Level 1",-2.902255475979,0.022,0.0654545454545454,7,0,0,0,0,"-0.289404816401862","0.277777777777778","Fungi","Ascomycota","Sordariomycetes","Sordariales","Chaetomiaceae","Unidentified","Unidentified",6,0.00793577210794744,0.056689392492695,0.05668939249269,0.111498257839721,0.331010452961672
"Fun_00006","Fun_00006","Level 1",1.84744551202919,0.307,0.614853963838665,1,0,0,0,0,"-1.19273918549746","0.444444444444444","Fungi","Mucoromycota","Mortierellomycetes","Mortierellales","Mortierellaceae","Mortierella","Mortierella alpina",3,0.00357652801258628,0.0204960151739086,0.020496015173908,0.0731707317073171,0.376306620209059
"Fun_00007","Fun_00007","Level 1",0.112044759545558,4.645,1,9,-173,0,179,0,"-0.526986039392208","0","Fungi","Ascomycota","Eurotiomycetes","Eurotiales","Aspergillaceae","Penicillium","Unidentified",3,0.00114090415703896,0.00735210239890108,0.00735210239890091,0.0522648083623693,0.163763066202091
"Fun_00008","Fun_00008","Level 1",6.11117389546176,0,0,4,0,0,0,0,"-0.477082810872417","0.444444444444444","Fungi","Ascomycota","Dothideomycetes","Pleosporales","Pleosporaceae","Alternaria","Unidentified",3,0.00317138827626334,0.0122416831734216,0.0122416831734212,0.0452961672473868,0.209059233449477
"Fun_00009","Fun_00009","Level 1",2.48832435804274,0.036,0.101448140900196,9,0,0,0,0,"-1.75662013130736","0.5","Fungi","Ascomycota","Pezizomycetes","Pezizales","Pyronemataceae","Pseudaleuria","Pseudaleuria sp. MF-3",2,0.00102293513786673,0.0136883695742581,0.013688369574258,0.0452961672473868,0.219512195121951
"Fun_00010","Fun_00010","Level 1",7.43098413964142,0,0,1,-10,0,10,0,"-0.145455998231398","0.277777777777778","Fungi","Ascomycota","Sordariomycetes","Hypocreales","Hypocreaceae","Trichoderma","Unidentified",6,0.00556084417487006,0.0557719665045643,0.0557719665045641,0.104529616724739,0.334494773519164
"Fun_00011","Fun_00011","Level 1",-2.05965789025062,0.194,0.422632375189107,7,-70,0,70,0,"-0.289404816401862","0.277777777777778","Fungi","Ascomycota","Sordariomycetes","Sordariales","Chaetomiaceae","Unidentified","Unidentified",6,0.00326690878233005,0.0857028669795836,0.0857028669795765,0.149825783972125,0.386759581881533
"Fun_00012","Fun_00012","Level 1",-2.64765129932346,0.049,0.130425138632163,1,-32,0,32,0,"-0.843644789742107","0.65625","Fungi","Ascomycota","Sordariomycetes","Sordariales","Chaetomiaceae","Unidentified","Unidentified",8,0.0151264700035872,0.0511592988170976,0.0511592988170941,0.13588850174216,0.435540069686411
"Fun_00013","Fun_00013","Level 1",-0.684994070200577,2.411,1,7,0,0,0,0,"1.16236360685994","0","Fungi","Mucoromycota","Mortierellomycetes","Mortierellales","Mortierellaceae","Actinomortierella","Actinomortierella capitata",11,0.00589753442696083,0.14142101152705,0.141421011527039,0.163763066202091,0.337979094076655
"Fun_00014","Fun_00014","Level 1",2.44879697561441,0.049,0.130425138632163,9,-161,0,163,0,"0.0878310065653679","0.489795918367347","Fungi","Mucoromycota","Mortierellomycetes","Mortierellales","Mortierellaceae","Actinomortierella","Actinomortierella capitata",7,0.0169457129592501,0.0247775333556148,0.024777533355614,0.139372822299652,0.418118466898955
"Fun_00015","Fun_00015","Level 1",-3.25653602891449,0.007,0.0237176470588235,7,-262,0,272,0,"-0.531366220278829","0.65625","Fungi","Ascomycota","Sordariomycetes","Hypocreales","Ophiocordycipitaceae","Purpureocillium","Unidentified",8,0.0392692537413289,0.137802926474983,0.137802926474979,0.181184668989547,0.536585365853659
"Fun_00016","Fun_00016","Level 1",-0.491441413902276,3.052,1,6,0,0,0,0,"0.322944595688833","0","Fungi","Ascomycota","Sordariomycetes","Sordariales","Chaetomiaceae","Humicola","Unidentified",8,0.0020668780876952,0.425258640739744,0.425258640739745,0.142857142857143,0.334494773519164
"Fun_00017","Fun_00017","Level 1",4.87775154849405,0,0,1,-93,0,95,0,"-0.843644789742107","0.375","Fungi","Ascomycota","Sordariomycetes","Hypocreales","Stachybotryaceae","Unidentified","Unidentified",4,0.00628960290063439,0.0203815644003622,0.020381564400362,0.0836236933797909,0.271777003484321
"Fun_00018","Fun_00018","Level 1",-1.96607191506164,0.257,0.534025974025974,6,-19,0,19,0,"-0.683882673223411","0.666666666666667","Fungi","Basidiomycota","Tremellomycetes","Filobasidiales","Piskurozymaceae","Solicoccozyma","Solicoccozyma terricola",9,0.0197104248687535,0.249078551172615,0.249078551172615,0.177700348432056,0.421602787456446
"Fun_00019","Fun_00019","Level 1",3.20455973453058,0,0,9,-255,0,258,0,"1.31746509848052","0.493827160493827","Fungi","Basidiomycota","Tremellomycetes","Filobasidiales","Piskurozymaceae","Solicoccozyma","Solicoccozyma terrea",9,0.0211458253287113,0.0907935872124303,0.0907935872124298,0.177700348432056,0.494773519163763
"Fun_00020","Fun_00020","Level 1",-0.507144922454274,3.042,1,7,0,0,0,0,"-1.25725043190973","0.666666666666667","Fungi","Ascomycota","Sordariomycetes","Sordariales","Sordariaceae","Unidentified","Unidentified",3,0.0161822517739761,0.0329834515975523,0.0329834515975514,0.0975609756097561,0.435540069686411
"Fun_00021","Fun_00021","Level 1",-5.41117139116415,0,0,9,-49,0,49,0,"-1.75662013130736","0.5","Fungi","Ascomycota","Sordariomycetes","Hypocreales","Unidentified","Unidentified","Unidentified",2,0.00360959019627214,0.0188628807977935,0.0188628807977923,0.0522648083623693,0.268292682926829
"Fun_00022","Fun_00022","Level 1",-5.76412604080609,0,0,7,-75,0,75,0,"3.5819776456296","0.162570888468809","Fungi","Ascomycota","Sordariomycetes","Sordariales","Chaetomiaceae","Chaetomium","Chaetomium madrasense",23,0.0560092096795148,0.237577883164769,0.237577883164749,0.236933797909408,0.498257839721254
"Fun_00023","Fun_00023","Level 1",3.04597123005666,0.006,0.0206698564593301,2,-24,0,24,0,"-1.04998298926248","0.625","Fungi","Mucoromycota","Mortierellomycetes","Mortierellales","Mortierellaceae","Mortierella","Mortierella indohii",4,0.004343943955126,0.0398658187110751,0.0398658187110747,0.0696864111498258,0.285714285714286
"Fun_00024","Fun_00024","Level 1",-2.26233067936791,0.128,0.299707317073171,9,-299,0,308,0,"0.702648052522944","0.448979591836735","Fungi","Ascomycota","Dothideomycetes","Pleosporales","Pleosporaceae","Curvularia","Unidentified",7,0.00819634153429883,0.0458386057278664,0.0458386057278661,0.0871080139372822,0.29616724738676
"Fun_00025","Fun_00025","Level 1",-6.33989077170258,0,0,10,-14,0,14,0,"1.7514952475226","0.653061224489796","Fungi","Ascomycota","Sordariomycetes","Unidentified","Unidentified","Unidentified","Unidentified",14,0.0221608304837585,0.0665989071167505,0.0665989071167463,0.170731707317073,0.397212543554007
"Fun_00026","Fun_00026","Level 1",0.822646688044874,2.092,1,6,-12,0,12,0,"-1.18729630767953","0.5","Fungi","Ascomycota","Eurotiomycetes","Eurotiales","Unidentified","Unidentified","Unidentified",4,0.00900190474811024,0.094988246292257,0.0949882462922569,0.142857142857143,0.456445993031359
"Fun_00028","Fun_00028","Level 1",3.58833686496837,0,0,1,0,0,0,0,"-0.494550393986752","0.32","Fungi","Ascomycota","Eurotiomycetes","Eurotiales","Aspergillaceae","Aspergillus","Unidentified",5,0.0190377127180426,0.0393748333361518,0.0393748333361515,0.128919860627178,0.397212543554007
"Fun_00029","Fun_00029","Level 1",3.39021742796299,0,0,1,-7,0,7,0,"-1.19273918549746","0","Fungi","Ascomycota","Sordariomycetes","Hypocreales","Hypocreaceae","Trichoderma","Unidentified",2,0.000138641815354063,0.0106545465122915,0.0106545465122915,0.0487804878048781,0.170731707317073
"Fun_00030","Fun_00030","Level 1",0.633673766407998,2.697,1,9,0,0,0,0,"0.0878310065653679","0.571428571428571","Fungi","Ascomycota","Sordariomycetes","Hypocreales","Stachybotryaceae","Unidentified","Unidentified",7,0.00887870308292108,0.0580446823464475,0.0580446823464473,0.114982578397213,0.358885017421603
"Fun_00031","Fun_00031","Level 1",-6.7566468734147,0,0,3,-6,0,6,0,"-0.843274042711568","0.5","Fungi","Ascomycota","Eurotiomycetes","Eurotiales","Aspergillaceae","Aspergillus","Unidentified",4,0.00495325029636231,0.0430238091809518,0.0430238091809482,0.128919860627178,0.327526132404181
"Fun_00032","Fun_00032","Level 1",-2.23134152161925,0.14,0.320508744038156,6,0,0,0,0,"0.0712377784607719","0","Fungi","Ascomycota","Sordariomycetes","Sordariales","Chaetomiaceae","Cladorrhinum","Unidentified",7,0.00254236187475467,0.307543344458733,0.307543344458733,0.125435540069686,0.327526132404181
"Fun_00040","Fun_00040","Level 1",1.53403310841874,0.598,1,4,-1,0,1,0,"-1.51076223442932","0.75","Fungi","Ascomycota","Sordariomycetes","Unidentified","Unidentified","Unidentified","Unidentified",4,0.00562593266048956,0.0341527592885521,0.0341527592885519,0.0766550522648084,0.268292682926829
"Fun_00041","Fun_00041","Level 1",-5.32403244859795,0,0,3,-4,0,4,0,"-0.210818510677892","0.56","Fungi","Ascomycota","Eurotiomycetes","Eurotiales","Aspergillaceae","Aspergillus","Unidentified",5,0.0102895263249131,0.0139800552585961,0.0139800552585952,0.0801393728222996,0.334494773519164
"Fun_00042","Fun_00042","Level 1",-0.771507501994139,2.303,1,6,-125,0,128,0,"0.0712377784607719","0.21875","Fungi","Ascomycota","Sordariomycetes","Hypocreales","Niessliaceae","Monocillium","Unidentified",8,0.00472821224169018,0.319565772773582,0.319565772773582,0.125435540069686,0.344947735191638
"Fun_00045","Fun_00045","Level 1",-0.220811982003375,3.99,1,9,-19,0,19,0,"0.0878310065653679","0.32","Fungi","Ascomycota","Sordariomycetes","Sordariales","Chaetomiaceae","Acrophialophora","Acrophialophora levis",5,0.010279240399233,0.0139178858750042,0.0139178858750039,0.0836236933797909,0.278745644599303
"Fun_00046","Fun_00046","Level 1",-3.97713563864593,0,0,7,-74,0,74,0,"-1.01528902803276","0.64","Fungi","Ascomycota","Eurotiomycetes","Eurotiales","Aspergillaceae","Aspergillus","Unidentified",5,0.015137755565492,0.0537732769628166,0.0537732769628127,0.177700348432056,0.463414634146341
"Fun_00051","Fun_00051","Level 1",3.13693785235705,0,0,9,-289,0,297,0,"-0.526986039392208","0.56","Fungi","Ascomycota","Dothideomycetes","Pleosporales","Pleosporaceae","Unidentified","Unidentified",5,0.00798202999520012,0.0104214303561989,0.0104214303561986,0.0766550522648084,0.240418118466899
"Fun_00053","Fun_00053","Level 1",-1.93868925017456,0.27,0.556223175965665,2,-153,0,156,0,"1.7158258605021","0.152777777777778","Fungi","Ascomycota","Pezizomycetes","Pezizales","Pyronemataceae","Unidentified","Unidentified",12,0.0278863875536336,0.160899095335104,0.160899095335103,0.163763066202091,0.456445993031359
"Fun_00056","Fun_00056","Level 1",0.683709110292007,3.112,1,6,-327,0,332,0,"1.32977186460108","0.142011834319526","Fungi","Mucoromycota","Mortierellomycetes","Mortierellales","Mortierellaceae","Unidentified","Unidentified",13,0.00917394557238062,0.605658010365745,0.605658010365745,0.163763066202091,0.393728222996516
"Fun_00057","Fun_00057","Level 1",3.62760454159441,0,0,2,-61,0,61,0,"1.40851376608381","0","Fungi","Ascomycota","Sordariomycetes","Hypocreales","Unidentified","Verticillium","Verticillium biguttatum",10,0.0088412331401586,0.168489537885672,0.168489537885669,0.160278745644599,0.376306620209059
"Fun_00062","Fun_00062","Level 1",-1.67985253029791,0.507,0.921818181818182,3,0,0,0,0,"-0.843274042711568","0.625","Fungi","Ascomycota","Eurotiomycetes","Eurotiales","Aspergillaceae","Aspergillus","Unidentified",4,0.00205376029467821,0.0160055714981124,0.0160055714981113,0.0940766550522648,0.29616724738676
"Fun_00063","Fun_00063","Level 1",-1.31722577147521,1.189,1,1,-20,0,20,0,"0.203638397523957","0.244897959183674","Fungi","Ascomycota","Sordariomycetes","Sordariales","Sordariaceae","Unidentified","Unidentified",7,0.00919352010058417,0.03161165843651,0.0316116584365097,0.114982578397213,0.320557491289199
"Fun_00069","Fun_00069","Level 1",2.42947589361571,0.043,0.117718631178707,6,-37,0,37,0,"0.826358230144955","0.165289256198347","Fungi","Ascomycota","Eurotiomycetes","Chaetothyriales","Herpotrichiellaceae","Exophiala","Unidentified",11,0.0290688639132115,0.471454259188338,0.471454259188338,0.181184668989547,0.498257839721254
"Fun_00099","Fun_00099","Level 1",1.74559740131521,0.356,0.70320987654321,8,0,0,0,0,"-1.23000062078014","0.5","Fungi","Ascomycota","Dothideomycetes","Pleosporales","Didymosphaeriaceae","Unidentified","Unidentified",2,5.03544884778988e-05,0.0397889583923394,0.0397889583923393,0.0452961672473868,0.195121951219512
"Fun_00109","Fun_00109","Level 1",3.55061609202726,0,0,4,-526,0,541,0,"0.556596612684486","0.375","Fungi","Ascomycota","Dothideomycetes","Pleosporales","Unidentified","Unidentified","Unidentified",4,0.00598310381269805,0.00499960855340915,0.00499960855340875,0.0452961672473868,0.18815331010453
"Fun_03719","Fun_03719","Level 1",5.06490535913129,0,0,6,0,0,0,0,"-0.180469038767289","0","Fungi","Ascomycota","Sordariomycetes","Sordariales","Chaetomiaceae","Trichocladium","Unidentified",6,0.00402745526278386,0.272534696798491,0.272534696798491,0.160278745644599,0.414634146341463
"Fun_03720","Fun_03720","Level 1",-6.71730361196796,0,0,7,0,0,0,0,"-0.773327624155795","0","Fungi","Ascomycota","Leotiomycetes","Unidentified","Pseudeurotiaceae","Pseudeurotium","Unidentified",3,0.000650045857601356,0.0569568772015143,0.0569568772015103,0.121951219512195,0.362369337979094
"Fun_03721","Fun_03721","Level 1",-3.25741868178659,0.002,0.00753926701570681,6,-28,0,28,0,"1.07806504737302","0","Fungi","Ascomycota","Leotiomycetes","Helotiales","Unidentified","Tetracladium","Tetracladium sp.",11,0.0058901929773544,0.631784030177673,0.631784030177674,0.170731707317073,0.400696864111498
"Fun_05100","Fun_05100","Level 1",-1.58716212537865,0.594,1,6,0,0,0,0,"0.0712377784607719","0","Fungi","Ascomycota","Leotiomycetes","Helotiales","Unidentified","Tetracladium","Tetracladium furcatum",7,0.00183973277740404,0.361692157112436,0.361692157112436,0.153310104529617,0.376306620209059
"Fun_05107","Fun_05107","Level 1",-0.521243823320543,2.983,1,2,-16,0,16,0,"-0.128046706007619","0.277777777777778","Fungi","Ascomycota","Leotiomycetes","Helotiales","Unidentified","Tetracladium","Unidentified",6,0.00325722427302644,0.100239558096665,0.100239558096664,0.142857142857143,0.376306620209059
"Fun_05122","Fun_05122","Level 1",0.49602414893874,3.122,1,6,-8,0,8,0,"-0.180469038767289","0","Fungi","Ascomycota","Sordariomycetes","Sordariales","Chaetomiaceae","Cladorrhinum","Cladorrhinum brunnescens",6,0.00258255457794588,0.251433743318087,0.251433743318087,0.132404181184669,0.35191637630662
"Fun_05129","Fun_05129","Level 1",-0.699745461659627,2.433,1,7,-26,0,26,0,"0.920402202982971","0.378698224852071","Fungi","Ascomycota","Dothideomycetes","Cladosporiales","Cladosporiaceae","Cladosporium","Unidentified",13,0.0256484711115017,0.109419681278551,0.109419681278542,0.202090592334495,0.421602787456446
"Fun_06772","Fun_06772","Level 1",6.82851559754687,0,0,1,-57,0,57,0,"0.901827189034666","0.197530864197531","Fungi","Ascomycota","Sordariomycetes","Sordariales","Chaetomiaceae","Unidentified","Unidentified",9,0.0200941975544927,0.0385539142635266,0.0385539142635261,0.13588850174216,0.411149825783972
"Fun_08618","Fun_08618","Level 1",2.96835174912612,0.007,0.0237176470588235,7,-92,0,92,0,"-0.0474434125248955","0.493827160493827","Fungi","Ascomycota","Dothideomycetes","Cladosporiales","Cladosporiaceae","Cladosporium","Cladosporium velox",9,0.00624105033866805,0.0951924525171541,0.0951924525171462,0.181184668989547,0.397212543554007
"Fun_08833","Fun_08833","Level 1",5.10605794519156,0,0,6,-245,0,248,0,"-0.683882673223411","0.571428571428571","Fungi","Ascomycota","Sordariomycetes","Hypocreales","Bionectriaceae","Clonostachys","Unidentified",7,0.018880371013986,0.23244566277915,0.23244566277915,0.163763066202091,0.442508710801394
"Fun_08835","Fun_08835","Level 1",1.01679315301628,1.621,1,7,0,0,0,0,"-1.01528902803276","0.625","Fungi","Ascomycota","Sordariomycetes","Hypocreales","Unidentified","Unidentified","Unidentified",4,0.00201261359908169,0.0317592329488523,0.0317592329488501,0.104529616724739,0.310104529616725
"Fun_09019","Fun_09019","Level 1",0.28931521138893,3.886,1,4,-481,0,492,0,"0.556596612684486","0.375","Fungi","Ascomycota","Dothideomycetes","Cladosporiales","Cladosporiaceae","Cladosporium","Unidentified",4,0.00972191218995122,0.0176460763793903,0.0176460763793889,0.0801393728222996,0.331010452961672
"Fun_09020","Fun_09020","Level 1",4.79367553567482,0,0,2,-15,0,15,0,"-0.128046706007619","0.277777777777778","Fungi","Mucoromycota","Mortierellomycetes","Mortierellales","Mortierellaceae","Unidentified","Unidentified",6,0.0155604525245337,0.100634247445383,0.100634247445383,0.121951219512195,0.386759581881533
"Fun_09326","Fun_09326","Level 1",0.345831790696095,3.673,1,6,-7,0,7,0,"1.07806504737302","0","Fungi","Ascomycota","Sordariomycetes","Hypocreales","Nectriaceae","Unidentified","Unidentified",11,0.0085910621427472,0.56625245545625,0.56625245545625,0.160278745644599,0.43205574912892
"Fun_09427","Fun_09427","Level 1",0.191791432490636,4.276,1,6,-15,0,15,0,"-0.935589490451472","0.5","Fungi","Mucoromycota","Mortierellomycetes","Mortierellales","Mortierellaceae","Unidentified","Unidentified",6,0.00684868248077561,0.163435011576429,0.163435011576428,0.13588850174216,0.383275261324042
"Fun_09428","Fun_09428","Level 1",1.15736949805501,1.25,1,2,-209,0,212,0,"1.40851376608381","0.165289256198347","Fungi","Mucoromycota","Mortierellomycetes","Mortierellales","Mortierellaceae","Unidentified","Unidentified",11,0.0186748608220833,0.18145903571279,0.181459035712788,0.18815331010453,0.452961672473868
"Fun_09429","Fun_09429","Level 1",0.499870186135908,3.253,1,9,-457,0,467,0,"-0.526986039392208","0","Fungi","Ascomycota","Sordariomycetes","Hypocreales","Nectriaceae","Unidentified","Unidentified",3,0.00302479567359256,0.0159299144977808,0.0159299144977803,0.0836236933797909,0.285714285714286
"Fun_09431","Fun_09431","Level 1",2.4784505091684,0.019,0.0577215189873418,9,-392,0,410,0,"1.9322821444381","0.48","Fungi","Ascomycota","Sordariomycetes","Hypocreales","Nectriaceae","Fusicolla","Fusicolla acetilerea",10,0.0324953789650315,0.0602926437048727,0.0602926437048714,0.170731707317073,0.585365853658537
"Fun_09432","Fun_09432","Level 1",2.17196550077497,0.11,0.260955518945634,4,0,0,0,0,"-0.477082810872417","0.444444444444444","Fungi","Ascomycota","Sordariomycetes","Unidentified","Unidentified","Unidentified","Unidentified",3,0.00548672128504625,0.00741350488635565,0.0074135048863555,0.0522648083623693,0.202090592334495
"Fun_09655","Fun_09655","Level 1",4.07251860874937,0,0,9,-136,0,144,0,"-0.526986039392208","0.375","Fungi","Ascomycota","Sordariomycetes","Hypocreales","Nectriaceae","Fusarium","Unidentified",4,0.00192376130586017,0.039347929227639,0.0393479292276389,0.0801393728222996,0.310104529616725
"Fun_09656","Fun_09656","Level 1",2.42334647409139,0.041,0.113103448275862,9,-4,0,4,0,"-1.14180308534978","0.5","Fungi","Ascomycota","Sordariomycetes","Hypocreales","Nectriaceae","Fusarium","Unidentified",4,0.00478516883129078,0.0291307006736237,0.0291307006736215,0.10801393728223,0.355400696864112
"Fun_09658","Fun_09658","Level 1",-1.13139898133928,1.279,1,6,-89,0,89,0,"0.0712377784607719","0","Fungi","Ascomycota","Dothideomycetes","Pleosporales","Pleosporaceae","Alternaria","Unidentified",7,0.00171812193636609,0.362718658821809,0.362718658821809,0.125435540069686,0.282229965156794
"Fun_09820","Fun_09820","Level 1",5.5836583860912,0,0,4,-6,0,6,0,"-1.51076223442932","0.5","Fungi","Ascomycota","Sordariomycetes","Hypocreales","Nectriaceae","Fusarium","Unidentified",2,0.00128662457173543,0.00458167492390613,0.00458167492390584,0.0348432055749129,0.170731707317073
"Fun_09821","Fun_09821","Level 1",0.582749844763195,2.769,1,2,0,0,0,0,"-0.742670894844191","0","Fungi","Ascomycota","Sordariomycetes","Microascales","Microascaceae","Lophotrichus","Lophotrichus sp. 1 RJ2014",3,0.000307719647693711,0.0339258320060831,0.0339258320060826,0.0662020905923345,0.205574912891986
"Fun_09823","Fun_09823","Level 1",-0.458073786746636,3.1,1,6,-15,0,15,0,"0.322944595688833","0","Fungi","Ascomycota","Sordariomycetes","Sordariales","Lasiosphaeriaceae","Cercophora","Unidentified",8,0.0113186793497063,0.410868117035917,0.410868117035917,0.181184668989547,0.470383275261324
"Fun_09978","Fun_09978","Level 1",7.64676748138157,0,0,9,-27,0,28,0,"-1.14180308534978","0.722222222222222","Fungi","Ascomycota","Sordariomycetes","Hypocreales","Nectriaceae","Fusarium","Unidentified",6,0.0124838482177463,0.0311228222677103,0.0311228222677096,0.101045296167247,0.379790940766551
"Fun_10092","Fun_10092","Level 1",-12.1827341702968,0,0,10,0,0,0,0,"-1.61137562772079","0.5","Fungi","Ascomycota","Sordariomycetes","Hypocreales","Nectriaceae","Fusarium","Unidentified",2,0.00036827501472933,0.00910499883798636,0.00910499883798594,0.0452961672473868,0.174216027874564
"Fun_10093","Fun_10093","Level 1",4.2144148937846,0,0,2,-311,0,319,0,"1.10120167166552","0","Fungi","Mucoromycota","Mortierellomycetes","Mortierellales","Mortierellaceae","Mortierella","Unidentified",9,0.00910780680640723,0.123066863823955,0.123066863823954,0.146341463414634,0.379790940766551
"Fun_10094","Fun_10094","Level 1",2.16915024261866,0.01,0.0329519450800915,9,-115,0,119,0,"0.0878310065653679","0","Fungi","Ascomycota","Sordariomycetes","Hypocreales","Nectriaceae","Fusarium","Unidentified",4,0.00374163037468615,0.01784192617781,0.0178419261778098,0.0627177700348432,0.264808362369338
"Fun_10201","Fun_10201","Level 1",3.12617971851907,0.007,0.0237176470588235,6,-227,0,228,0,"0.574651412916894","0.297520661157025","Fungi","Mucoromycota","Mortierellomycetes","Mortierellales","Mortierellaceae","Unidentified","Unidentified",11,0.0245655935815577,0.394911650637671,0.394911650637672,0.236933797909408,0.522648083623693
"Fun_10202","Fun_10202","Level 1",6.462884736048,0,0,2,-270,0,278,0,"-0.435358800425905","0.571428571428571","Fungi","Mucoromycota","Mortierellomycetes","Mortierellales","Mortierellaceae","Unidentified","Unidentified",7,0.0217049637281567,0.0630256163833064,0.0630256163833048,0.181184668989547,0.491289198606272
"Fun_10317","Fun_10317","Level 1",-6.27073951757617,0,0,7,-35,0,35,0,"0.436479395229038","0.429752066115702","Fungi","Mucoromycota","Mortierellomycetes","Mortierellales","Mortierellaceae","Mortierella","Unidentified",11,0.0127474929938514,0.126530614694174,0.126530614694164,0.18815331010453,0.477351916376307
"Fun_10427","Fun_10427","Level 1",2.54356176502388,0.021,0.0628690228690229,6,-126,0,132,0,"-0.43217585599535","0.53125","Fungi","Mucoromycota","Mortierellomycetes","Mortierellales","Mortierellaceae","Unidentified","Unidentified",8,0.00970629050868626,0.210901437252522,0.210901437252522,0.125435540069686,0.337979094076655
"Fun_10660","Fun_10660","Level 1",2.555154844554,0.045,0.121575984990619,4,-505,0,516,0,"0.556596612684486","0.56","Fungi","Ascomycota","Sordariomycetes","Glomerellales","Plectosphaerellaceae","Unidentified","Unidentified",5,0.00509078018441193,0.0417758772786584,0.0417758772786559,0.114982578397213,0.383275261324042
"Fun_10661","Fun_10661","Level 1",-0.0262219228147973,4.828,1,6,0,0,0,0,"0.322944595688833","0","Fungi","Ascomycota","Sordariomycetes","Glomerellales","Plectosphaerellaceae","Unidentified","Unidentified",8,0.0057770671059939,0.449736108575857,0.449736108575857,0.170731707317073,0.421602787456446
"Fun_10740","Fun_10740","Level 1",4.85065391245658,0,0,6,-16,0,16,0,"0.0712377784607719","0.345679012345679","Fungi","Mucoromycota","Mortierellomycetes","Mortierellales","Mortierellaceae","Mortierella","Unidentified",9,0.0135274069759926,0.228908138402242,0.228908138402242,0.146341463414634,0.369337979094077
"Fun_10839","Fun_10839","Level 1",1.46240357854566,0.662,1,9,-138,0,143,0,"0.0878310065653679","0.489795918367347","Fungi","Ascomycota","Dothideomycetes","Pleosporales","Didymellaceae","Juxtiphoma","Juxtiphoma eupyrena",7,0.00852216187450312,0.10074028697168,0.10074028697168,0.125435540069686,0.358885017421603
"Fun_10940","Fun_10940","Level 1",4.66235370452523,0,0,2,-4,0,4,0,"0.179265388410667","0.244897959183674","Fungi","Ascomycota","Sordariomycetes","Glomerellales","Plectosphaerellaceae","Plectosphaerella","Unidentified",7,0.00712803599765813,0.0942046851763613,0.0942046851763595,0.118466898954704,0.341463414634146
"Fun_10941","Fun_10941","Level 1",3.80446111970858,0,0,2,0,0,0,0,"-0.128046706007619","0.277777777777778","Fungi","Ascomycota","Sordariomycetes","Unidentified","Unidentified","Unidentified","Unidentified",6,0.00516101064777642,0.0843277372644735,0.0843277372644722,0.149825783972125,0.407665505226481
"Fun_11157","Fun_11157","Level 1",5.43585253369664,0,0,8,-42,0,42,0,"-0.378461729470813","0.611111111111111","Fungi","Ascomycota","Sordariomycetes","Hypocreales","Clavicipitaceae","Metarhizium","Unidentified",6,0.0127553631656388,0.130718446392007,0.130718446392006,0.10801393728223,0.390243902439024
"Fun_11238","Fun_11238","Level 1",0.141206555915678,4.463,1,9,-353,0,370,0,"1.31746509848052","0","Fungi","Ascomycota","Sordariomycetes","Unidentified","Unidentified","Unidentified","Unidentified",6,0.00557785034185899,0.0380435961491415,0.0380435961491412,0.101045296167247,0.337979094076655
"Fun_12044","Fun_12044","Level 1",2.69628614016129,0.021,0.0628690228690229,9,0,0,0,0,"-0.526986039392208","0","Fungi","Basidiomycota","Tremellomycetes","Tremellales","Unidentified","Unidentified","Unidentified",3,0.00119699713718194,0.00904195396477461,0.00904195396477445,0.0522648083623693,0.181184668989547
"Fun_12151","Fun_12151","Level 1",-4.86626906084924,0,0,7,-214,0,216,0,"-0.773327624155795","0.611111111111111","Fungi","Basidiomycota","Tremellomycetes","Tremellales","Trimorphomycetaceae","Saitozyma","Unidentified",6,0.0321494114678543,0.0888752842548405,0.0888752842548375,0.142857142857143,0.452961672473868
"Fun_12284","Fun_12284","Level 1",0.309327160386325,4.032,1,2,0,0,0,0,"-1.35729508368076","0","Fungi","Olpidiomycota","Olpidiomycetes","Olpidiales","Olpidiaceae","Olpidium","Olpidium brassicae",1,0,0.0105428213232977,0.0105428213232976,0.0209059233449477,0.121951219512195
